Manufacturer,Model,Sales_in_thousands,__year_resale_value,Vehicle_type,Price_in_thousands,Engine_size,Horsepower,Wheelbase,Width,Length,Curb_weight,Fuel_capacity,Fuel_efficiency,Latest_Launch,Power_perf_factor
Acura,Integra,16.919,16.36,Passenger,21.5,1.8,140.0,101.2,67.3,172.4,2.639,13.2,28.0,2/2/2012,58.28014952
Acura,TL,39.384,19.875,Passenger,28.4,3.2,225.0,108.1,70.3,192.9,3.517,17.2,25.0,6/3/2011,91.37077766
Acura,CL,14.114,18.225,Passenger,,3.2,225.0,106.9,70.6,192.0,3.47,17.2,26.0,1/4/2012,
Acura,RL,8.588,29.725,Passenger,42.0,3.5,210.0,114.6,71.4,196.6,3.85,18.0,22.0,3/10/2011,91.38977933
Audi,A4,20.397,22.255,Passenger,23.99,1.8,150.0,102.6,68.2,178.0,2.998,16.4,27.0,10/8/2011,62.7776392
Audi,A6,18.78,23.555,Passenger,33.95,2.8,200.0,108.7,76.1,192.0,3.561,18.5,22.0,8/9/2011,84.56510502
Audi,A8,1.38,39.0,Passenger,62.0,4.2,310.0,113.0,74.0,198.2,3.902,23.7,21.0,2/27/2012,134.6568582
BMW,323i,19.747,,Passenger,26.99,2.5,170.0,107.3,68.4,176.0,3.179,16.6,26.0,6/28/2011,71.19120671
BMW,328i,9.231,28.675,Passenger,33.4,2.8,193.0,107.3,68.5,176.0,3.197,16.6,24.0,1/29/2012,81.87706856
BMW,528i,17.527,36.125,Passenger,38.9,2.8,193.0,111.4,70.9,188.0,3.472,18.5,25.0,4/4/2011,83.9987238
Buick,Century,91.561,12.475,Passenger,21.975,3.1,175.0,109.0,72.7,194.6,3.368,17.5,25.0,11/2/2011,71.18145132
Buick,Regal,39.35,13.74,Passenger,25.3,3.8,240.0,109.0,72.7,196.2,3.543,17.5,23.0,9/3/2011,95.63670253
Buick,Park Avenue,27.851,20.19,Passenger,31.965,3.8,205.0,113.8,74.7,206.8,3.778,18.5,24.0,3/23/2012,85.82840825
Buick,LeSabre,83.257,13.36,Passenger,27.885,3.8,205.0,112.2,73.5,200.0,3.591,17.5,25.0,7/23/2011,84.25452581
Cadillac,DeVille,63.729,22.525,Passenger,39.895,4.6,275.0,115.3,74.5,207.2,3.978,18.5,22.0,2/23/2012,113.8545976
Cadillac,Seville,15.943,27.1,Passenger,44.475,4.6,275.0,112.2,75.0,201.0,,18.5,22.0,4/29/2011,115.6213578
Cadillac,Eldorado,6.536,25.725,Passenger,39.665,4.6,275.0,108.0,75.5,200.6,3.843,19.0,22.0,11/27/2011,113.7658739
Cadillac,Catera,11.185,18.225,Passenger,31.01,3.0,200.0,107.4,70.3,194.8,3.77,18.0,22.0,9/28/2011,83.48309358
Cadillac,Escalade,14.785,,Car,46.225,5.7,255.0,117.5,77.0,201.2,5.572,30.0,15.0,4/17/2012,109.5091165
Chevrolet,Cavalier,145.519,9.25,Passenger,13.26,2.2,115.0,104.1,67.9,180.9,2.676,14.3,27.0,8/17/2011,46.36334747
Chevrolet,Malibu,135.126,11.225,Passenger,16.535,3.1,170.0,107.0,69.4,190.4,3.051,15.0,25.0,3/19/2012,67.31446216
Chevrolet,Lumina,24.629,10.31,Passenger,18.89,3.1,175.0,107.5,72.5,200.9,3.33,16.6,25.0,5/24/2011,69.9913956
Chevrolet,Monte Carlo,42.593,11.525,Passenger,19.39,3.4,180.0,110.5,72.7,197.9,3.34,17.0,27.0,12/22/2011,72.03091719
Chevrolet,Camaro,26.402,13.025,Passenger,24.34,3.8,200.0,101.1,74.1,193.2,3.5,16.8,25.0,10/23/2011,81.11854333
Chevrolet,Corvette,17.947,36.225,Passenger,45.705,5.7,345.0,104.5,73.6,179.7,3.21,19.1,22.0,5/12/2012,141.14115
Chevrolet,Prizm,32.299,9.125,Passenger,13.96,1.8,120.0,97.1,66.7,174.3,2.398,13.2,33.0,9/11/2011,48.2976361
Chevrolet,Metro,21.855,5.16,Passenger,9.235,1.0,55.0,93.1,62.6,149.4,1.895,10.3,45.0,4/13/2012,23.27627233
Chevrolet,Impala,107.995,,Passenger,18.89,3.4,180.0,110.5,73.0,200.0,3.389,17.0,27.0,6/18/2011,71.83803944
Chrysler,Sebring Coupe,7.854,12.36,Passenger,19.84,2.5,163.0,103.7,69.7,190.9,2.967,15.9,24.0,1/16/2012,65.95718396
Chrysler,Sebring Conv.,32.775,14.18,Passenger,24.495,2.5,168.0,106.0,69.2,193.0,3.332,16.0,24.0,11/17/2011,69.52135505
Chrysler,Concorde,31.148,13.725,Passenger,22.245,2.7,200.0,113.0,74.4,209.1,3.452,17.0,26.0,6/6/2012,80.02378204
Chrysler,Cirrus,32.306,12.64,Passenger,16.48,2.0,132.0,108.0,71.0,186.0,2.911,16.0,27.0,10/6/2011,53.56619987
Chrysler,LHS,13.462,17.325,Passenger,28.34,3.5,253.0,113.0,74.4,207.7,3.564,17.0,23.0,5/8/2012,101.3292807
Chrysler,Town & Country,53.48,19.54,Car,,,,,,,,,,7/13/2011,
Chrysler,300M,30.696,,Passenger,29.185,3.5,253.0,113.0,74.4,197.8,3.567,17.0,23.0,2/10/2012,101.6552441
Dodge,Neon,76.034,7.75,Passenger,12.64,2.0,132.0,105.0,74.4,174.4,2.567,12.5,29.0,12/12/2011,52.08489875
Dodge,Avenger,4.734,12.545,Passenger,19.045,2.5,163.0,103.7,69.1,190.2,2.879,15.9,24.0,7/1/2012,65.65050834
Dodge,Stratus,71.186,10.185,Passenger,20.23,2.5,168.0,108.0,71.0,186.0,3.058,16.0,24.0,10/31/2011,67.87610784
Dodge,Intrepid,88.028,12.275,Passenger,22.505,2.7,202.0,113.0,74.7,203.7,3.489,17.0,,6/2/2012,80.83147017
Dodge,Viper,0.916,58.47,Passenger,69.725,8.0,450.0,96.2,75.7,176.7,3.375,19.0,16.0,8/7/2011,188.144323
Dodge,Ram Pickup,227.061,15.06,Car,19.46,5.2,230.0,138.7,79.3,224.2,4.47,26.0,17.0,3/6/2012,90.21170005
Dodge,Ram Wagon,16.767,15.51,Car,21.315,3.9,175.0,109.6,78.8,192.6,4.245,32.0,15.0,1/6/2012,71.13529161
Dodge,Ram Van,31.038,13.425,Car,18.575,3.9,175.0,127.2,78.8,208.5,4.298,32.0,16.0,7/26/2012,70.07832154
Dodge,Dakota,111.313,11.26,Car,16.98,2.5,120.0,131.0,71.5,215.0,3.557,22.0,19.0,11/25/2011,49.64500177
Dodge,Durango,101.323,,Car,26.31,5.2,230.0,115.7,71.7,193.5,4.394,25.0,17.0,6/27/2012,92.85412522
Dodge,Caravan,181.749,12.025,Car,19.565,2.4,150.0,113.3,76.8,186.3,3.533,20.0,24.0,9/1/2011,61.22700031
Ford,Escort,70.227,7.425,Passenger,12.07,2.0,110.0,98.4,67.0,174.7,2.468,12.7,30.0,3/31/2012,44.08370946
Ford,Mustang,113.369,12.76,Passenger,21.56,3.8,190.0,101.3,73.1,183.2,3.203,15.7,24.0,1/31/2012,76.50918456
Ford,Contour,35.068,8.835,Passenger,17.035,2.5,170.0,106.5,69.1,184.6,2.769,15.0,25.0,8/20/2012,67.35101072
Ford,Taurus,245.815,10.055,Passenger,17.885,3.0,155.0,108.5,73.0,197.6,3.368,16.0,24.0,12/20/2011,62.5037395
Ford,Focus,175.67,,Passenger,12.315,2.0,107.0,103.0,66.9,174.8,2.564,13.2,30.0,7/22/2012,43.11713201
Ford,Crown Victoria,63.403,14.21,Passenger,22.195,4.6,200.0,114.7,78.2,212.0,3.908,19.0,21.0,9/26/2011,80.49953671
Ford,Explorer,276.747,16.64,Car,31.93,4.0,210.0,111.6,70.2,190.7,3.876,21.0,19.0,4/25/2012,87.63549578
Ford,Windstar,155.787,13.175,Car,21.41,3.0,150.0,120.7,76.6,200.9,3.761,26.0,21.0,2/25/2012,62.09504839
Ford,Expedition,125.338,23.575,Car,36.135,4.6,240.0,119.0,78.7,204.6,4.808,26.0,16.0,9/14/2012,100.0248023
Ford,Ranger,220.65,7.85,Car,12.05,2.5,119.0,117.5,69.4,200.7,3.086,20.0,23.0,1/14/2012,47.38953131
Ford,F-Series,540.561,15.075,Car,26.935,4.6,220.0,138.5,79.1,224.5,4.241,25.1,18.0,8/16/2012,89.40193473
Honda,Civic,199.685,9.85,Passenger,12.885,1.6,106.0,103.2,67.1,175.1,2.339,11.9,32.0,10/21/2011,42.87909734
Honda,Accord,230.902,13.21,Passenger,15.35,2.3,135.0,106.9,70.3,188.8,2.932,17.1,27.0,5/20/2012,54.26954829
Honda,CR-V,73.203,17.71,Car,20.55,2.0,146.0,103.2,68.9,177.6,3.219,15.3,24.0,3/21/2012,60.08796662
Honda,Passport,12.855,17.525,Car,26.6,3.2,205.0,106.4,70.4,178.2,3.857,21.1,19.0,10/9/2012,83.6025008
Honda,Odyssey,76.029,19.49,Car,26.0,3.5,210.0,118.1,75.6,201.2,4.288,20.0,23.0,2/8/2012,85.21769134
Hyundai,Accent,41.184,5.86,Passenger,9.699,1.5,92.0,96.1,65.7,166.7,2.24,11.9,31.0,9/10/2012,36.67228358
Hyundai,Elantra,66.692,7.825,Passenger,11.799,2.0,140.0,100.4,66.9,174.0,2.626,14.5,27.0,11/15/2011,54.59004516
Hyundai,Sonata,29.45,8.91,Passenger,14.999,2.4,148.0,106.3,71.6,185.4,3.072,17.2,25.0,6/14/2012,58.758249
Infiniti,I30,23.713,19.69,Passenger,29.465,3.0,227.0,108.3,70.2,193.7,3.342,18.5,25.0,4/15/2012,92.43688923
Jaguar,S-Type,15.467,,Passenger,42.8,3.0,240.0,114.5,71.6,191.3,3.65,18.4,21.0,11/3/2012,102.1789848
Jeep,Wrangler,55.557,13.475,Car,14.46,2.5,120.0,93.4,66.7,152.0,3.045,19.0,17.0,3/4/2012,48.67289791
Jeep,Cherokee,80.556,13.775,Car,21.62,4.0,190.0,101.4,69.4,167.5,3.194,20.0,20.0,10/5/2012,76.58443962
Jeep,Grand Cherokee,157.04,18.81,Car,26.895,4.0,195.0,105.9,72.3,181.5,3.88,20.5,19.0,12/10/2011,80.38777912
Lexus,ES300,24.072,26.975,Passenger,31.505,3.0,210.0,105.1,70.5,190.2,3.373,18.5,23.0,7/9/2012,87.21100104
Lexus,GS300,12.698,32.075,Passenger,37.805,3.0,225.0,110.2,70.9,189.2,3.638,19.8,23.0,5/10/2012,94.9466984
Lexus,GS400,3.334,,Passenger,46.305,4.0,300.0,110.2,70.9,189.2,3.693,19.8,21.0,11/28/2012,125.0133574
Lexus,LS400,6.375,40.375,Passenger,54.005,4.0,290.0,112.2,72.0,196.7,3.89,22.5,22.0,3/29/2012,124.4467163
Lexus,LX470,9.126,,Car,60.105,4.7,230.0,112.2,76.4,192.5,5.401,25.4,15.0,10/30/2012,105.760458
Lexus,RX300,51.238,,Car,34.605,3.0,220.0,103.0,71.5,180.1,3.9,17.2,21.0,1/4/2012,91.94380156
Lincoln,Continental,13.798,20.525,Passenger,39.08,4.6,275.0,109.0,73.6,208.5,3.868,20.0,22.0,8/3/2012,113.5402069
Lincoln,Town car,48.911,21.725,Passenger,43.33,4.6,215.0,117.7,78.2,215.3,4.121,19.0,21.0,6/4/2012,93.9579169
Lincoln,Navigator,22.925,,Car,42.66,5.4,300.0,119.0,79.9,204.8,5.393,30.0,15.0,12/23/2012,123.9720467
Mitsubishi,Mirage,26.232,8.325,Passenger,13.987,1.8,113.0,98.4,66.5,173.6,2.25,13.2,30.0,4/23/2012,45.83218056
Mitsubishi,Eclipse,42.541,10.395,Passenger,19.047,2.4,154.0,100.8,68.9,175.4,2.91,15.9,24.0,11/24/2012,62.44196235
Mitsubishi,Galant,55.616,10.595,Passenger,17.357,2.4,145.0,103.7,68.5,187.8,2.945,16.3,25.0,1/29/2012,58.60677292
Mitsubishi,Diamante,5.711,16.575,Passenger,24.997,3.5,210.0,107.1,70.3,194.1,3.443,19.0,22.0,8/28/2012,84.83077858
Mitsubishi,3000GT,0.11,20.94,Passenger,25.45,3.0,161.0,97.2,72.4,180.3,3.131,19.8,21.0,6/29/2012,67.54415494
Mitsubishi,Montero,11.337,19.125,Car,31.807,3.5,200.0,107.3,69.9,186.6,4.52,24.3,18.0,1/17/2012,83.92081504
Mitsubishi,Montero Sport,39.348,13.88,Car,22.527,3.0,173.0,107.3,66.7,178.3,3.51,19.5,20.0,5/18/2012,70.66094179
Mercury,Mystique,14.351,8.8,Passenger,16.24,2.0,125.0,106.5,69.1,184.8,2.769,15.0,28.0,12/19/2012,50.99774761
Mercury,Cougar,26.529,13.89,Passenger,16.54,2.0,125.0,106.4,69.6,185.0,2.892,16.0,30.0,2/23/2012,51.11347426
Mercury,Sable,67.956,11.03,Passenger,19.035,3.0,153.0,108.5,73.0,199.7,3.379,16.0,24.0,9/22/2012,62.23996663
Mercury,Grand Marquis,81.174,14.875,Passenger,22.605,4.6,200.0,114.7,78.2,212.0,3.958,19.0,21.0,7/24/2012,80.65769646
Mercury,Mountaineer,27.609,20.43,Car,27.56,4.0,210.0,111.6,70.2,190.1,3.876,21.0,18.0,2/13/2008,85.94974425
Mercury,Villager,20.38,14.795,Car,22.51,3.3,170.0,112.2,74.9,194.7,3.944,20.0,21.0,10/20/2009,69.671461
Mercedes-B,C-Class,18.392,26.05,Passenger,31.75,2.3,185.0,105.9,67.7,177.4,3.25,16.4,26.0,4/24/2011,78.28073088
Mercedes-B,E-Class,27.602,41.45,Passenger,49.9,3.2,221.0,111.5,70.8,189.4,3.823,21.1,25.0,7/12/2011,98.2497375
Mercedes-B,S-Class,16.774,50.375,Passenger,69.7,4.3,275.0,121.5,73.1,203.1,4.133,23.2,21.0,6/13/2011,125.2738757
Mercedes-B,SL-Class,3.311,58.6,Passenger,82.6,5.0,302.0,99.0,71.3,177.1,4.125,21.1,20.0,3/17/2011,139.9822936
Mercedes-B,SLK,7.998,,Passenger,38.9,2.3,190.0,94.5,67.5,157.9,3.055,15.9,26.0,1/16/2011,82.80736193
Mercedes-B,SLK230,1.526,,Passenger,41.0,2.3,185.0,94.5,67.5,157.3,2.975,14.0,27.0,8/6/2011,81.84896924
Mercedes-B,CLK Coupe,11.592,,Passenger,41.6,3.2,215.0,105.9,67.8,180.3,3.213,16.4,26.0,7/8/2011,92.92579177
Mercedes-B,CL500,0.954,,Passenger,85.5,5.0,302.0,113.6,73.1,196.6,4.115,23.2,20.0,4/11/2011,141.1009845
Mercedes-B,M-Class,28.976,,Car,35.3,3.2,215.0,111.0,72.2,180.6,4.387,19.0,20.0,2/10/2011,90.49553213
Nissan,Sentra,42.643,8.45,Passenger,13.499,1.8,126.0,99.8,67.3,177.5,2.593,13.2,30.0,8/31/2011,50.24197791
Nissan,Altima,88.094,11.295,Passenger,20.39,2.4,155.0,103.1,69.1,183.5,3.012,15.9,25.0,8/2/2011,63.31372783
Nissan,Maxima,79.853,15.125,Passenger,26.249,3.0,222.0,108.3,70.3,190.5,3.294,18.5,25.0,5/6/2011,89.42782031
Nissan,Quest,27.308,15.38,Car,26.399,3.3,170.0,112.2,74.9,194.8,3.991,20.0,21.0,3/7/2011,71.17166413
Nissan,Pathfinder,42.574,17.81,Car,29.299,3.3,170.0,106.3,71.7,182.6,3.947,21.0,19.0,9/25/2011,72.29035508
Nissan,Xterra,54.158,,Car,22.799,3.3,170.0,104.3,70.4,178.0,3.821,19.4,18.0,1/24/2011,69.78294434
Nissan,Frontier,65.005,,Car,17.89,3.3,170.0,116.1,66.5,196.1,3.217,19.4,18.0,8/27/2011,67.88927059
Oldsmobile,Cutlass,1.112,11.24,Passenger,18.145,3.1,150.0,107.0,69.4,192.0,3.102,15.2,25.0,5/31/2011,60.86161155
Oldsmobile,Intrigue,38.554,,Passenger,24.15,3.5,215.0,109.0,73.6,195.9,3.455,18.0,,4/1/2011,86.27252291
Oldsmobile,Alero,80.255,,Passenger,18.27,2.4,150.0,107.0,70.1,186.7,2.958,15.0,27.0,10/20/2009,60.72744693
Oldsmobile,Aurora,14.69,19.89,Passenger,36.229,4.0,250.0,113.8,74.4,205.4,3.967,18.5,22.0,2/18/2011,103.4416926
Oldsmobile,Bravada,20.017,19.925,Car,31.598,4.3,190.0,107.0,67.8,181.2,4.068,17.5,19.0,9/21/2011,80.51167259
Oldsmobile,Silhouette,24.361,15.24,Car,25.345,3.4,185.0,120.0,72.2,201.4,3.948,25.0,22.0,6/25/2011,76.09657042
Plymouth,Neon,32.734,7.75,Passenger,12.64,2.0,132.0,105.0,74.4,174.4,2.559,12.5,29.0,4/26/2011,52.08489875
Plymouth,Breeze,5.24,9.8,Passenger,16.08,2.0,132.0,108.0,71.0,186.3,2.942,16.0,27.0,11/14/2011,53.41189767
Plymouth,Voyager,24.155,12.025,Car,18.85,2.4,150.0,113.3,76.8,186.3,3.528,20.0,24.0,4/24/2011,60.95118512
Plymouth,Prowler,1.872,,Passenger,43.0,3.5,253.0,113.3,76.3,165.4,2.85,12.0,21.0,6/27/2012,106.9844563
Pontiac,Sunfire,51.645,13.79,Passenger,21.61,2.4,150.0,104.1,68.4,181.9,2.906,15.0,27.0,1/25/2012,62.0158703
Pontiac,Grand Am,131.097,10.29,Passenger,19.72,3.4,175.0,107.0,70.4,186.3,3.091,15.2,25.0,11/26/2012,70.38973726
Pontiac,Firebird,19.911,17.805,Passenger,25.31,3.8,200.0,101.1,74.5,193.4,3.492,16.8,25.0,6/16/2012,81.49272616
Pontiac,Grand Prix,92.364,14.01,Passenger,21.665,3.8,195.0,110.5,72.7,196.5,3.396,18.0,25.0,10/15/2012,78.31816813
Pontiac,Bonneville,35.945,13.225,Passenger,23.755,3.8,205.0,112.2,72.6,202.5,3.59,17.5,24.0,5/18/2011,82.6613556
Pontiac,Montana,39.572,,Car,25.635,3.4,185.0,120.0,72.7,201.3,3.942,25.0,23.0,7/22/2012,76.20843952
Porsche,Boxter,8.982,41.25,Passenger,41.43,2.7,217.0,95.2,70.1,171.0,2.778,17.0,22.0,2/19/2012,93.4373307
Porsche,Carrera Coupe,1.28,60.625,Passenger,71.02,3.4,300.0,92.6,69.5,174.5,3.032,17.0,21.0,12/21/2012,134.3909754
Porsche,Carrera Cabrio,1.866,67.55,Passenger,74.97,3.4,300.0,92.6,69.5,174.5,3.075,17.0,23.0,7/11/2011,135.9147096
Saab,5-Sep,9.191,,Passenger,33.12,2.3,170.0,106.4,70.6,189.2,3.28,18.5,23.0,11/9/2012,73.50377819
Saab,3-Sep,12.115,,Passenger,26.1,2.0,185.0,102.6,67.4,182.2,2.99,16.9,23.0,6/12/2011,76.02304771
Saturn,SL,80.62,9.2,Passenger,10.685,1.9,100.0,102.4,66.4,176.9,2.332,12.1,33.0,8/16/2012,39.98642475
Saturn,SC,24.546,10.59,Passenger,12.535,1.9,100.0,102.4,66.4,180.0,2.367,12.1,33.0,3/16/2011,40.70007242
Saturn,SW,5.223,10.79,Passenger,14.29,1.9,124.0,102.4,66.4,176.9,2.452,12.1,31.0,1/15/2011,49.86577367
Saturn,LW,8.472,,Passenger,18.835,2.2,137.0,106.5,69.0,190.4,3.075,13.1,27.0,8/5/2011,56.29524304
Saturn,LS,49.989,,Passenger,15.01,2.2,137.0,106.5,69.0,190.4,2.91,13.1,28.0,12/4/2012,54.81972825
Subaru,Outback,47.107,,Passenger,22.695,2.5,165.0,103.5,67.5,185.8,3.415,16.9,25.0,7/7/2011,67.7659076
Subaru,Forester,33.028,,Car,20.095,2.5,165.0,99.4,68.3,175.2,3.125,15.9,24.0,9/10/2012,66.76294331
Toyota,Corolla,142.535,10.025,Passenger,13.108,1.8,120.0,97.0,66.7,174.0,2.42,13.2,33.0,4/11/2011,47.96897242
Toyota,Camry,247.994,13.245,Passenger,17.518,2.2,133.0,105.2,70.1,188.5,2.998,18.5,27.0,2/10/2011,54.37241965
Toyota,Avalon,63.849,18.14,Passenger,25.545,3.0,210.0,107.1,71.7,191.9,3.417,18.5,26.0,8/31/2011,84.91189826
Toyota,Celica,33.269,15.445,Passenger,16.875,1.8,140.0,102.4,68.3,170.5,2.425,14.5,31.0,12/29/2012,56.49603034
Toyota,Tacoma,84.087,9.575,Car,11.528,2.4,142.0,103.3,66.5,178.7,2.58,15.1,23.0,8/1/2011,55.29711658
Toyota,Sienna,65.119,,Car,22.368,3.0,194.0,114.2,73.4,193.5,3.759,20.9,22.0,10/5/2012,78.02721947
Toyota,RAV4,25.106,13.325,Car,16.888,2.0,127.0,94.9,66.7,163.8,2.668,15.3,27.0,5/6/2011,51.95510887
Toyota,4Runner,68.411,19.425,Car,22.288,2.7,150.0,105.3,66.5,183.3,3.44,18.5,23.0,3/7/2011,62.35557713
Toyota,Land Cruiser,9.835,34.08,Car,51.728,4.7,230.0,112.2,76.4,192.5,5.115,25.4,15.0,9/25/2011,102.5289842
Volkswagen,Golf,9.761,11.425,Passenger,14.9,2.0,115.0,98.9,68.3,163.3,2.767,14.5,26.0,1/24/2011,46.94387676
Volkswagen,Jetta,83.721,13.24,Passenger,16.7,2.0,115.0,98.9,68.3,172.3,2.853,14.5,26.0,8/27/2011,47.63823666
Volkswagen,Passat,51.102,16.725,Passenger,21.2,1.8,150.0,106.4,68.5,184.1,3.043,16.4,27.0,10/30/2012,61.70138136
Volkswagen,Cabrio,9.569,16.575,Passenger,19.99,2.0,115.0,97.4,66.7,160.4,3.079,13.7,26.0,5/31/2011,48.90737225
Volkswagen,GTI,5.596,13.76,Passenger,17.5,2.0,115.0,98.9,68.3,163.3,2.762,14.6,26.0,4/1/2011,47.94684106
Volkswagen,Beetle,49.463,,Passenger,15.9,2.0,115.0,98.9,67.9,161.1,2.769,14.5,26.0,10/20/2011,47.32963226
Volvo,S40,16.957,,Passenger,23.4,1.9,160.0,100.5,67.6,176.6,2.998,15.8,25.0,2/18/2011,66.1130568
Volvo,V40,3.545,,Passenger,24.4,1.9,160.0,100.5,67.6,176.6,3.042,15.8,25.0,9/21/2011,66.4988123
Volvo,S70,15.245,,Passenger,27.5,2.4,168.0,104.9,69.3,185.9,3.208,17.9,25.0,11/24/2012,70.65449545
Volvo,V70,17.531,,Passenger,28.8,2.4,168.0,104.9,69.3,186.2,3.259,17.9,25.0,6/25/2011,71.1559776
Volvo,C70,3.493,,Passenger,45.5,2.3,236.0,104.9,71.5,185.7,3.601,18.5,23.0,4/26/2011,101.6233572
Volvo,S80,18.969,,Passenger,36.0,2.9,201.0,109.9,72.1,189.8,3.6,21.1,24.0,11/14/2011,85.73565451
Acura,Integra,16.919,-1128.1316925039855,Passenger,-474.43658392245794,845.6547623463318,603.2658033984477,321.93494543708573,243.08450318432347,366.4250577086883,1757.0305087836557,-432.2315344775443,-1528.217553379687,2/2/2012,-1053.3450607857144
Acura,TL,39.384,640.4208533820178,Passenger,352.8630549340923,2048.8806075071348,625.6102099635541,-1172.4733582868364,643.1797788236713,-1025.6269480826793,741.5049862923977,287.13033898560343,-1270.8719702596863,6/3/2011,1259.354896910212
Acura,CL,14.114,-664.8217763044571,Passenger,194.8982409720849,-1660.7832860693834,-636.2470618425872,1005.4709712844603,355.8768633593494,-665.8605226760445,-14.26398783927835,-67.14381512266002,-928.9063432531076,1/4/2012,-672.9070493064222
Acura,RL,8.588,-620.6304598373141,Passenger,-652.6763124101577,277.42982357835075,-600.6529783085645,-1192.3379257344106,-3224.186970681349,-131.9908680027883,-458.6925435465555,-1136.2580862649068,-594.8846116678176,3/10/2011,181.8433237000036
Audi,A4,20.397,575.4054098101429,Passenger,-1994.83908009398,-30.531023819818916,-768.2258431741124,2147.165204078426,64.06804102815215,-1131.9972050685528,1627.5484882738122,23.81735517710568,-483.82537551858456,10/8/2011,1385.501822585449
Audi,A6,18.78,-842.6958729130788,Passenger,-1585.640914563107,-65.07049297530854,-894.0219307079012,236.02090227994103,388.2159478453458,106.89021094801376,-751.6378721514083,498.2111379317377,1033.2898458050904,8/9/2011,761.0303177869246
Audi,A8,1.38,-432.31773061895456,Passenger,-1264.0709284222562,-314.55075166779415,-1245.0882303667922,-494.63350392477145,811.9140407252233,4.958084387328305,383.0694346233608,-638.229484166192,-1108.0301977031852,2/27/2012,-751.8627133008857
BMW,323i,19.747,-1070.0662057398158,Passenger,-593.2946325431534,-1351.0918275504443,131.5673305980255,722.5852672089817,2206.5589441532525,-817.4532601366061,-419.6747259150308,-66.27545128264846,-1214.8227162840467,6/28/2011,383.877164984223
BMW,328i,9.231,-12.571368945444153,Passenger,748.9217986397298,-1448.0953499312477,843.1154167003941,2231.3017402968158,499.7920081016218,-637.6798764254049,558.4098634424925,101.18814812822087,-1083.2322165296357,1/29/2012,-240.65810964315264
BMW,528i,17.527,532.9271195609612,Passenger,1271.443355020972,-1054.7330512161464,-1138.0265830545804,928.3367495187208,-235.3199688948688,-1120.1474527239957,-650.7731237003115,-662.9857529903728,-930.995511335137,4/4/2011,-660.111177611188
Buick,Century,91.561,-358.6443783086134,Passenger,-131.18563349597687,-34.62996095494775,-1047.92655877958,-635.6081868142252,-1551.643014723812,-1142.256887328821,234.45376605603977,209.5967674837642,-243.43350524069012,11/2/2011,-723.2461253635057
Buick,Regal,39.35,-560.50902797875,Passenger,368.408896337839,-481.02061682502114,1159.978044769908,454.3311605480391,55.2864905371464,772.49910987607,-890.4168409302113,1760.8216706879944,1981.2120289524903,9/3/2011,-707.7345440466572
Buick,Park Avenue,27.851,-1390.2764413087664,Passenger,-1740.6825848522683,-998.2096126040556,-1866.8374883667875,922.6078348902544,-1693.682436665419,-770.7304558347579,1645.291159601349,-165.1127824968706,-520.5139328404608,3/23/2012,116.57015528362358
Buick,LeSabre,83.257,550.9543583263749,Passenger,1005.4279405623728,-1396.5257707376552,-1738.6730254757636,-1450.9214433827156,368.264717470113,1833.1477004461772,-817.5752812376128,-724.2141037958924,-129.46709826888303,7/23/2011,-463.8045296774708
Cadillac,DeVille,63.729,-889.5954047566076,Passenger,-141.34643381797642,254.7545299549797,-217.8499821287342,-384.1406710978236,-1004.384183205698,-867.3676491297308,1827.5279430734656,-107.99041487986392,-569.7555647585734,2/23/2012,492.1313021694749
Cadillac,Seville,15.943,1165.129837049425,Passenger,794.3031020249508,1128.9565944459157,-526.0556622465045,-420.6244475494845,-733.7678488220004,780.1229119823868,-98.46448094049904,278.8477292799438,-439.5423443990573,4/29/2011,-579.7631963747153
Cadillac,Eldorado,6.536,658.8679676345402,Passenger,-812.0867530479514,-245.57188647742356,503.5062683843685,-386.52401693547046,27.449904528433667,-1362.355117576515,980.9692087061942,250.27744035352512,105.3954189656899,11/27/2011,1182.6375551934002
Cadillac,Catera,11.185,1210.1865879579686,Passenger,-1550.5241733488392,-400.61569835459386,331.9834862627189,192.2831225611784,595.5006712597167,358.1426494438935,-233.54933389497916,2315.241410364107,-986.8629063433837,9/28/2011,-175.10229949746372
Cadillac,Escalade,14.785,359.05225349486574,Car,187.9240227426577,-815.9799572705263,-397.549395226973,-247.9752013479632,48.11715558126272,-1568.2909913170747,-1596.623091681574,1335.7420509288984,-902.8552197077056,4/17/2012,-558.4854103340568
Chevrolet,Cavalier,145.519,430.71303558178977,Passenger,1371.0079438121788,908.812781406436,1494.0687050698473,-488.0389529420756,-1114.1334171801682,2425.957150662201,1124.5032806055,-145.13887563203554,-264.22242250080006,8/17/2011,-674.5173463050603
Chevrolet,Malibu,135.126,2489.80974763217,Passenger,-1529.1309887881189,-55.26491230041634,1605.3568819406255,35.558844949356164,-927.2841919414316,-541.6379236004789,2693.073876343663,-529.8236237116417,-561.1454471135545,3/19/2012,84.08252187098726
Chevrolet,Lumina,24.629,60.61304828920838,Passenger,-233.67815550307407,1081.8484623611598,2026.4654530959367,727.748985444089,418.2154871628569,-547.1748348507299,317.2860613536534,891.4499706458936,738.6371725861914,5/24/2011,-686.0215803541467
Chevrolet,Monte Carlo,42.593,331.2866924823229,Passenger,-45.533191141953175,509.9415507834551,3436.26785597067,-1062.950920488729,-645.4145914411803,-707.034535868474,-14.30228724017188,334.76733678398585,-657.8503407471279,12/22/2011,1125.3096969070525
Chevrolet,Camaro,26.402,439.07447119037766,Passenger,-1566.0996584889947,0.5819715420465948,-529.4189844935183,-124.40036808444918,539.4373689552993,-407.0420128813362,-591.7142161739704,143.5224340313675,575.4809867492967,10/23/2011,-949.514694819482
Chevrolet,Corvette,17.947,198.74723803751468,Passenger,576.8175248288236,-1419.7000629488227,-161.21167528587554,338.7079162380585,-1487.2654268852236,853.1844025287978,58.62426094310231,1226.9001638171806,172.2070142706057,5/12/2012,-561.4942502733919
Chevrolet,Prizm,32.299,32.41085616057133,Passenger,462.68798127349993,322.3300719787146,-594.0203140398645,-789.6088339500999,349.36413338072225,-545.3782163183848,866.1167239815298,-712.4437206627026,649.0674926732656,9/11/2011,-117.67479457562204
Chevrolet,Metro,21.855,-815.3563207702822,Passenger,2009.5975765145024,-1238.7079271259086,-477.6600231501128,-440.20186807271216,1346.1467579055563,-754.3378061074775,-1008.6188187691448,574.7769105613567,418.9680578304316,4/13/2012,-394.3317293750634
Chevrolet,Impala,107.995,2283.5300851890624,Passenger,-175.53614797304857,-995.204289045138,-816.2736158980142,934.5574536763464,1501.2070156612235,-36.34383935870719,1041.3449496575206,50.86664574037389,-2323.379836715526,6/18/2011,969.9199693010854
Chrysler,Sebring Coupe,7.854,126.5606120515729,Passenger,79.37132521648581,1009.9336512549512,1006.4087734131276,79.55390546453066,-373.1882361495658,-683.7464792191957,313.7089373823377,-1655.9967721687765,-2027.011348250768,1/16/2012,1127.6803762633983
Chrysler,Sebring Conv.,32.775,-717.9759165636744,Passenger,904.6154059657904,-1227.6864246695286,754.0492289272295,-1251.3932684119825,757.5006977067831,157.80081822822743,157.2212826378515,1525.9302042963864,-1333.362319020035,11/17/2011,1315.6198865717663
Chrysler,Concorde,31.148,-492.9397246851734,Passenger,-885.4344039761215,998.8631316921582,555.1444867409418,931.5428299035289,-779.1546271817741,1061.6175174276268,33.931399132234986,-1807.585199968486,-765.5062586948494,6/6/2012,248.7891304031301
Chrysler,Cirrus,32.306,547.1515044721137,Passenger,440.1707695385017,1003.633805593238,289.5365810156898,-138.25274779517247,-740.9467743664175,491.1124723275927,-345.3223861155602,-1823.328848195846,-2484.237418981066,10/6/2011,-10.001660048786764
Chrysler,LHS,13.462,320.4231093592379,Passenger,-1166.710544441546,-1083.421482013248,-580.2189890648842,-1972.1748540145015,-293.5112480005312,213.44546482751585,-1198.3290933891617,-1624.9706545297745,-244.5801220134498,5/8/2012,655.0328951848769
Chrysler,Town & Country,53.48,0.2187028562524541,Car,535.8318086642432,-921.3176515467744,-274.40947129040165,-209.4044908147621,-1226.8765580050638,-378.6037550540872,-87.51328118570856,853.3789257543419,-1242.423195337079,7/13/2011,329.6632526918173
Chrysler,300M,30.696,1256.6828886062192,Passenger,108.26618109545176,-241.48166474930477,954.9925484469676,-44.763162562257705,-703.2687209207357,1145.693596567187,-67.5010616377405,531.383996159925,-885.856648415353,2/10/2012,193.0538870750952
Dodge,Neon,76.034,469.6671639684868,Passenger,-2684.944831999177,-1069.7041420674832,-570.583217312853,301.5800532621027,-244.2480959144308,197.3427563902988,-1627.5025109794542,246.25763963836,146.97596300564408,12/12/2011,161.22896035284393
Dodge,Avenger,4.734,835.7449409114596,Passenger,2970.691073480083,-2930.3338520090924,-102.68456068620594,1033.4830000640509,-360.469364940722,1147.108953087681,921.6274416219476,270.1651250680965,395.3353112126704,7/1/2012,-845.1899253054536
Dodge,Stratus,71.186,-71.50850581215354,Passenger,52.39770116181051,-891.1140920600787,-622.1750538512481,235.61455552392465,2153.8434243285838,558.5739423027836,1393.1715104109162,-1188.6607173333791,-1815.5214661709672,10/31/2011,-1483.4048537243905
Dodge,Intrepid,88.028,-534.3000214979465,Passenger,376.8395900498032,1663.422804487721,-559.3127268401312,-89.49218361982571,2061.2957195589315,2502.5587488008905,390.3658236646587,1838.3411820019264,2330.757880548917,6/2/2012,1095.0251968594605
Dodge,Viper,0.916,-455.6122108175617,Passenger,-637.0867346502338,435.1147697102682,2029.6500625506192,661.4448241386899,240.6594499936037,468.8534377278152,-627.0851604219606,748.9690036222029,527.5650834883372,8/7/2011,-580.2197490402426
Dodge,Ram Pickup,227.061,-710.6955017412679,Car,913.2789807897792,401.8346879559664,-612.0985998736438,-396.506293600405,-502.17654916548526,-511.78046689209657,-1899.68524014824,-811.0129315640149,782.589284709031,3/6/2012,1335.0327916029737
Dodge,Ram Wagon,16.767,545.464175727046,Car,-2809.9710466375523,1376.773887368271,662.417537171381,359.5696126478141,56.0370385547637,-581.4469888167716,282.92709950240885,-471.07234951699945,257.0960070365725,1/6/2012,-84.15416812988502
Dodge,Ram Van,31.038,1045.4739211919266,Car,1220.8666197074645,-224.99408655856456,1595.0585872404815,726.407394060492,-234.0813988542353,958.5246762557796,-926.612499965107,278.8628747697771,-907.1066420652912,7/26/2012,1288.8605869338187
Dodge,Dakota,111.313,958.9635633197836,Car,103.27706970515086,688.6037453634335,-1759.3531315855626,-769.7516529854407,2050.2484577443456,-344.0128154642981,424.75904042308935,-289.6046762298414,-1644.703877802791,11/25/2011,160.4818100399911
Dodge,Durango,101.323,586.4740937706408,Car,-21.0865289943119,204.00045402795055,-1273.2903793585565,1149.79119505797,-13.009482141026549,-7.372982611517457,-249.49946614063165,-249.55667974371505,1473.0245939191025,6/27/2012,1673.5712409121877
Dodge,Caravan,181.749,-1130.1125037769968,Car,-199.42104475332175,-431.48597396720345,126.34416129962622,11.068118566977764,335.1115064110588,-368.05296423537726,-816.0524613525719,1184.9808246847313,-1214.4407791895585,9/1/2011,-1773.7703958892623
Ford,Escort,70.227,718.3220460133035,Passenger,1012.6987509798846,1350.3539549527673,2391.30568584442,-1150.8106006675982,1544.272087717187,-12.947532241875018,819.1459933362514,1301.658336805308,-1014.6818739486716,3/31/2012,29.01374624995345
Ford,Mustang,113.369,247.9746767258681,Passenger,140.50877026148396,-748.8495191059419,257.82579029291725,-682.3385214541373,1021.3501275166752,418.59337493680624,1445.0166047251396,1931.0710102666592,1264.1816121180998,1/31/2012,-2324.999724198836
Ford,Contour,35.068,179.1526226207699,Passenger,746.5314137255839,-465.74752854337873,-156.65916242941512,212.28040236685112,-2227.2508244938804,-299.39771410872976,-267.6067671722664,738.8262037332713,945.908963748233,8/20/2012,220.05093749852
Ford,Taurus,245.815,332.3217162502008,Passenger,393.1618324949024,-727.6396514099835,-1109.2455958327523,-162.91514422881804,-897.2375091014725,-1188.5681544402407,-344.67912040646075,1220.8910530554515,-499.211317450203,12/20/2011,-422.4594559550305
Ford,Focus,175.67,338.6061572074871,Passenger,-644.7402544313866,-1002.4157059494412,481.1318772880966,-11.189734198117952,-233.773359621544,-671.4380758334017,908.1486227281838,-352.34430055966186,742.3141086343124,7/22/2012,1876.3824029695024
Ford,Crown Victoria,63.403,-158.55260047160178,Passenger,208.7360975897304,273.71790448738807,-502.6800447157318,-414.1460155860625,496.9128196270548,421.5075828535999,-1877.663509662686,987.8219106112364,-771.8891893823252,9/26/2011,-1153.6502227543313
Ford,Explorer,276.747,-1438.0282666028745,Car,-425.2617079466891,92.40949420185277,648.8704541655035,-1139.507107746121,-548.1093450613616,-966.2270315265708,-72.40481742227719,-428.5933569819475,708.6987424299145,4/25/2012,735.3632559461513
Ford,Windstar,155.787,-286.88456082248854,Car,1125.9783657623932,-371.76614448765696,-693.1505876384723,-105.36651946082456,708.5852176053153,-449.63993780809545,1234.221462427892,-2254.267283514656,-650.5753240913724,2/25/2012,-1518.511130441775
Ford,Expedition,125.338,1196.0351891747011,Car,-217.49113465668628,79.13439758915683,245.96196227284003,-416.85828691544685,-21.270837179554917,418.4052841777797,-1079.662831040577,-2337.081667083756,-568.6469693817025,9/14/2012,137.947534419642
Ford,Ranger,220.65,-1948.8714873720812,Car,318.6715489393256,209.9905956847672,341.6048585996198,2359.0100358144205,583.4140993313591,1331.749262863035,-275.5970295183356,-385.40553560757775,-306.2347124067921,1/14/2012,311.1573537051659
Ford,F-Series,540.561,727.975950682269,Car,2299.01227354254,-2558.9085124778217,1633.212163742801,-915.1252719833836,-344.54107570752234,-344.5445895705876,-1172.229757451852,1466.094482838125,-537.3249673373358,8/16/2012,784.6432368688063
Honda,Civic,199.685,-887.7562308341842,Passenger,1828.821183610302,-1603.7350475808903,-1098.6446798103675,1011.2037119285952,1892.659343232468,1279.0937810279468,-913.0312824466666,-444.0097676321669,-544.7202230509824,10/21/2011,-2.696684808601112
Honda,Accord,230.902,-811.2201860603544,Passenger,-1715.0426993343542,1242.4060695955843,1382.5951282644874,-1490.221952704978,-178.06580774295546,-744.9338674288917,943.232199056498,-2597.4876239357254,-466.5538605251005,5/20/2012,-630.397628000866
Honda,CR-V,73.203,-1090.1626633222372,Car,-1057.4067161108223,-13.76363660122885,168.84428698869863,-1772.466250279493,-964.9124977105898,4.040696745598956,985.90877091785,2099.977497570914,731.4566286063371,3/21/2012,-77.57138709479453
Honda,Passport,12.855,-582.1752695863224,Car,749.4578316748532,-139.85874923220408,-1182.9169953813737,205.99354708292728,-541.7903964420747,1142.136176642298,-87.5398762576135,1004.5786044796752,245.45353898749707,10/9/2012,-537.5294718790212
Honda,Odyssey,76.029,1681.517434844511,Car,1584.9267715177389,923.918288325557,501.3003087132564,-500.6022088954095,88.55221313946153,-1133.843119282771,1557.9297727637158,447.8918932587678,54.30046755110199,2/8/2012,-1078.3002897616338
Hyundai,Accent,41.184,132.83305657279482,Passenger,1039.6084506926748,-1312.4662961960262,1860.692929911782,-675.8964796504808,161.02688809465985,-1209.9449635221304,-861.454712960703,308.6616595536633,-644.7433669549494,9/10/2012,3025.2201349682364
Hyundai,Elantra,66.692,-215.26410239484204,Passenger,-690.3631698744738,-2097.981905701306,-669.7504142725212,-451.0027381643104,1292.579671421131,-103.9479530409408,-1506.4310972043197,631.2304447948505,-812.7226085175614,11/15/2011,-60.51984950209216
Hyundai,Sonata,29.45,-1140.6261016732217,Passenger,-521.090835767106,373.84760239475526,-2210.115249504913,-2252.9239506092645,-19.34655497171811,-147.56175268375247,-1138.708367289155,-753.131757381212,-343.82264870931795,6/14/2012,-160.53434593941788
Infiniti,I30,23.713,-832.0316815744827,Passenger,562.6707418427128,1083.85467094007,333.8257149030829,226.2719083942125,700.4924764812575,-153.37142282894175,-752.1225360993907,-499.1733818126504,-421.216231769894,4/15/2012,-273.2713517078698
Jaguar,S-Type,15.467,-230.5425700471515,Passenger,-336.1589675819431,288.96117183481545,1867.7292003884013,-1538.7583916197364,-1169.3282038491095,1493.1070772648598,1941.7196407915328,254.55967425772585,-762.7891601922856,11/3/2012,1186.444056367802
Jeep,Wrangler,55.557,-1175.403266108541,Car,102.42775468045836,-108.00124276993144,-710.1961933375551,-2093.734112442354,997.270206228288,1039.7200723968708,1358.7171642981043,1037.365846264997,1871.0102506040748,3/4/2012,2088.965592901781
Jeep,Cherokee,80.556,1535.678810772935,Car,-3.7351224267480383,-790.5254059899461,-2185.289047595069,295.28370864646547,1114.2267545721052,-536.5505826217485,-517.0352078966627,2251.591572036951,3620.5697977681793,10/5/2012,-33.12813371633511
Jeep,Grand Cherokee,157.04,-835.3345986915834,Car,-774.9425660872644,-254.9090773489137,428.41672143420936,-9.637831721175722,-157.70339342813304,576.458488095148,1070.31554159109,395.4250113946204,-321.21018130494514,12/10/2011,-864.7591822530229
Lexus,ES300,24.072,-574.6219913964668,Passenger,-695.6071039815981,-205.89157487067772,329.40141793027584,923.4053066174508,637.7592468690891,170.11443060570758,192.05870455064877,-2074.3167034024523,-1629.8615557129258,7/9/2012,509.4101808961723
Lexus,GS300,12.698,162.11799728400393,Passenger,290.8537985657809,57.77201648844306,-198.53741100776887,1054.6798677632748,544.2959783323818,-1680.917638703538,-669.8041226358298,763.8791450922649,335.8995803341003,5/10/2012,-538.7998545526714
Lexus,GS400,3.334,362.18580015848966,Passenger,1231.1762191207586,-573.7461150741265,-1060.8916492866756,-1490.3182214462415,-1831.5414388561,-1236.329379972934,-655.3258255732882,266.2420094538472,-2018.9316192142933,11/28/2012,1807.5225294822649
Lexus,LS400,6.375,1182.330981077316,Passenger,332.70163572836486,173.73022656045265,-532.7672215397162,-1395.7750802006408,-1921.399421119276,111.33793963536726,-1928.72878071228,-1092.3715907785586,695.1442392489865,3/29/2012,-2079.7514857442497
Lexus,LX470,9.126,462.5357824883327,Car,-1689.0093093708415,519.7688122880137,-42.81388445021764,2272.645373905166,215.22367792490363,-339.0199212279675,1621.2093672983558,-573.745469464221,1654.1772566208442,10/30/2012,-342.538337281345
Lexus,RX300,51.238,-69.23680279408258,Car,996.7991975808314,-1851.3233697462977,1039.204742647858,-1344.3810534285335,803.9456393184563,-1461.2262972242886,-2026.9779819901453,-846.1403088129795,546.3647046430908,1/4/2012,1711.5407111701172
Lincoln,Continental,13.798,-10.399699730435552,Passenger,-277.49265662844283,-175.90542632550668,-478.3799476328016,-927.6070274685084,47.43499845009893,394.4938584760632,-103.12755227772696,-2649.3611650161934,-513.5192446427225,8/3/2012,1139.1950988999924
Lincoln,Town car,48.911,216.4491276921182,Passenger,369.2899908759152,1222.2952481235775,1627.106198032187,164.17583668206476,-1401.577707997648,1348.6778375878628,830.9576887003823,1680.5910871698743,-1291.7190239952818,6/4/2012,-28.911807504424715
Lincoln,Navigator,22.925,795.3586701403616,Car,-96.4428007565097,440.34260611916073,-336.2588857741597,-809.991069802208,540.4861738387337,-152.30067654014692,765.8153944350681,933.8519363146764,-222.50483743230728,12/23/2012,263.31398772151914
Mitsubishi,Mirage,26.232,684.0733010770456,Passenger,612.2516526507052,522.4071484355021,-754.371785442658,-242.26607910957085,296.26162566774934,2259.170689100785,228.0003135468948,438.65423987933417,-107.9228800412822,4/23/2012,705.5540067130316
Mitsubishi,Eclipse,42.541,954.8542208786208,Passenger,-2067.146866697573,1020.861789343478,211.77292840652808,780.2214416174105,-1406.3432659099913,5.754549515361027,-1748.3620732824977,-1948.5478917835696,2173.9486778899845,11/24/2012,915.864755682426
Mitsubishi,Galant,55.616,-597.0256683209409,Passenger,802.3455492713607,80.53561886433553,-1502.6943687511543,-2302.4218968614846,672.2791283975309,-830.6160189532096,754.2166849280057,-399.1123939551964,613.4349862534427,1/29/2012,1132.0455295853544
Mitsubishi,Diamante,5.711,-136.57548759022205,Passenger,-355.26606285519256,209.00680012078092,503.7552859669618,56.218220434396734,2454.9086638794734,-708.0473986410643,-304.5188679933994,1046.8501061731054,-1604.754696576516,8/28/2012,-58.52099391037707
Mitsubishi,3000GT,0.11,506.8381957330448,Passenger,-160.13772401409898,65.78750944069029,62.04313820248875,823.8797245637279,-73.67183861131899,511.131442229261,-1564.1766171492816,-610.6157729347783,-3239.705903956125,6/29/2012,-2011.1198781307187
Mitsubishi,Montero,11.337,700.4093338891281,Car,443.70822450390887,-342.758881512881,114.65866596119528,-496.0707370893032,1161.5932232553075,188.2776478217496,494.3209785371957,-587.4794028492273,1831.4002361362784,1/17/2012,5.005344395274466
Mitsubishi,Montero Sport,39.348,-214.1246270683449,Car,-560.8601887418661,-142.3239547748149,342.67931277273766,-1396.101461310772,-605.7524309522306,-198.6467522359378,326.1003656518182,721.5151808633849,-171.87120218896376,5/18/2012,-450.2058959424416
Mercury,Mystique,14.351,-237.27978296969317,Passenger,-1323.3346262102943,-2835.9381419708134,2618.777195041348,-986.501307492262,634.7146641597805,1302.5186782917058,-636.9187489403514,267.3863923471808,-491.4623650029936,12/19/2012,649.3736437688874
Mercury,Cougar,26.529,1235.2424653956457,Passenger,10.837231941746454,834.2358632214592,-596.8061842483149,-1684.234886179345,-639.6344696709469,-125.48334632480056,124.18462077216816,-452.5166671630728,-513.0466616814177,2/23/2012,282.18589294917234
Mercury,Sable,67.956,1705.4694960850895,Passenger,2135.377857361268,-370.0934736645457,1308.5524131787404,242.6454406913287,1632.2804503937066,-884.4736891817851,757.9144231641956,999.711216725762,1118.397071699483,9/22/2012,1571.706298165953
Mercury,Grand Marquis,81.174,53.97202387587309,Passenger,-982.998605134367,456.2925669340681,2031.5287985131647,867.7208278085152,-500.6072808896709,-387.3071410171597,98.01289494040726,-528.1180775768269,-355.46273139368583,7/24/2012,5.570982868560266
Mercury,Mountaineer,27.609,-101.95206303574165,Car,-260.3261622363188,1330.4764850676572,789.7221927444774,-469.9766494904397,-264.27972952607905,-226.2249526817406,-726.3586399715258,-87.65120232048463,-1907.1128018094591,2/13/2008,1991.6302649324768
Mercury,Villager,20.38,1420.673739830835,Car,-973.009238592012,-1099.4381725028195,-261.00775905195354,1317.1122369812294,-1021.772153932784,-537.0043504511814,1362.377692851074,1605.8636066915565,901.5220399510234,10/20/2009,-842.8074482549006
Mercedes-B,C-Class,18.392,-874.1313086213279,Passenger,-533.5321302449971,44.3583688197652,344.99249123627186,-24.69582025964356,406.22921973575865,816.905290633431,568.0458455937822,155.4037719586867,-399.3971845665477,4/24/2011,-322.7968988998577
Mercedes-B,E-Class,27.602,301.6626223381191,Passenger,2131.8676210322656,-404.6883834029108,1531.5180958238102,935.882041891189,-1112.0797573689583,-648.6967523786741,3.1158667570704672,-467.2695861274979,-668.6341751355185,7/12/2011,-919.7635965766648
Mercedes-B,S-Class,16.774,1610.5917081282803,Passenger,457.8109595312695,-856.1328120729747,814.8797058981837,436.8819900315576,1922.4537273640524,-526.3336129638459,-844.9825079821255,-213.8543684190093,-1623.800074903099,6/13/2011,711.9699462708159
Mercedes-B,SL-Class,3.311,-264.670804139178,Passenger,-1579.7921798478458,23.504044961696717,-633.2527043939897,-311.7339063910753,731.6982785094527,647.4128648263195,2565.382401619177,-1568.4151003793097,-107.40891114902384,3/17/2011,1959.5798800438308
Mercedes-B,SLK,7.998,1227.361248534938,Passenger,281.41274201893486,437.5683938965653,882.6458422430374,-209.75212931129457,-643.3650196561601,932.95693344608,-2010.0550637516287,848.6663691734858,-1933.5033701379791,1/16/2011,-1696.325861971388
Mercedes-B,SLK230,1.526,-1262.9859001706063,Passenger,252.7631647149205,1320.2719674074565,1995.1397533142967,-678.5727899504686,-1020.425311534352,-206.35415018976215,575.0059647646681,312.00369553603707,325.3765744957507,8/6/2011,192.8081513843642
Mercedes-B,CLK Coupe,11.592,107.86501387180309,Passenger,-221.8795100775488,-794.0833467387341,9.109632105588922,-357.5053217846971,-444.7722943732372,-773.5775205388902,-382.3844695554281,-27.368290526541543,-472.2182806951621,7/8/2011,1370.2393650737722
Mercedes-B,CL500,0.954,1984.3761987632536,Passenger,1797.645816232765,-1202.2457925950714,712.0139573358755,-894.6710729246488,214.20164678858364,1615.7425678472305,535.9537376751351,846.828839540064,687.9721442963374,4/11/2011,-766.7374856005441
