Manufacturer,Model,Sales_in_thousands,__year_resale_value,Vehicle_type,Price_in_thousands,Engine_size,Horsepower,Wheelbase,Width,Length,Curb_weight,Fuel_capacity,Fuel_efficiency,Latest_Launch,Power_perf_factor
Acura,Integra,16.919,16.36,Passenger,21.5,1.8,140.0,101.2,67.3,172.4,2.639,13.2,28.0,2/2/2012,58.28014952
Acura,TL,39.384,19.875,Passenger,28.4,3.2,225.0,108.1,70.3,192.9,3.517,17.2,25.0,6/3/2011,91.37077766
Acura,CL,14.114,18.225,Passenger,,3.2,225.0,106.9,70.6,192.0,3.47,17.2,26.0,1/4/2012,
Acura,RL,8.588,29.725,Passenger,42.0,3.5,210.0,114.6,71.4,196.6,3.85,18.0,22.0,3/10/2011,91.38977933
Audi,A4,20.397,22.255,Passenger,23.99,1.8,150.0,102.6,68.2,178.0,2.998,16.4,27.0,10/8/2011,62.7776392
Audi,A6,18.78,23.555,Passenger,33.95,2.8,200.0,108.7,76.1,192.0,3.561,18.5,22.0,8/9/2011,84.56510502
Audi,A8,1.38,39.0,Passenger,62.0,4.2,310.0,113.0,74.0,198.2,3.902,23.7,21.0,2/27/2012,134.6568582
BMW,323i,19.747,,Passenger,26.99,2.5,170.0,107.3,68.4,176.0,3.179,16.6,26.0,6/28/2011,71.19120671
BMW,328i,9.231,28.675,Passenger,33.4,2.8,193.0,107.3,68.5,176.0,3.197,16.6,24.0,1/29/2012,81.87706856
BMW,528i,17.527,36.125,Passenger,38.9,2.8,193.0,111.4,70.9,188.0,3.472,18.5,25.0,4/4/2011,83.9987238
Buick,Century,91.561,12.475,Passenger,21.975,3.1,175.0,109.0,72.7,194.6,3.368,17.5,25.0,11/2/2011,71.18145132
Buick,Regal,39.35,13.74,Passenger,25.3,3.8,240.0,109.0,72.7,196.2,3.543,17.5,23.0,9/3/2011,95.63670253
Buick,Park Avenue,27.851,20.19,Passenger,31.965,3.8,205.0,113.8,74.7,206.8,3.778,18.5,24.0,3/23/2012,85.82840825
Buick,LeSabre,83.257,13.36,Passenger,27.885,3.8,205.0,112.2,73.5,200.0,3.591,17.5,25.0,7/23/2011,84.25452581
Cadillac,DeVille,63.729,22.525,Passenger,39.895,4.6,275.0,115.3,74.5,207.2,3.978,18.5,22.0,2/23/2012,113.8545976
Cadillac,Seville,15.943,27.1,Passenger,44.475,4.6,275.0,112.2,75.0,201.0,,18.5,22.0,4/29/2011,115.6213578
Cadillac,Eldorado,6.536,25.725,Passenger,39.665,4.6,275.0,108.0,75.5,200.6,3.843,19.0,22.0,11/27/2011,113.7658739
Cadillac,Catera,11.185,18.225,Passenger,31.01,3.0,200.0,107.4,70.3,194.8,3.77,18.0,22.0,9/28/2011,83.48309358
Cadillac,Escalade,14.785,,Car,46.225,5.7,255.0,117.5,77.0,201.2,5.572,30.0,15.0,4/17/2012,109.5091165
Chevrolet,Cavalier,145.519,9.25,Passenger,13.26,2.2,115.0,104.1,67.9,180.9,2.676,14.3,27.0,8/17/2011,46.36334747
Chevrolet,Malibu,135.126,11.225,Passenger,16.535,3.1,170.0,107.0,69.4,190.4,3.051,15.0,25.0,3/19/2012,67.31446216
Chevrolet,Lumina,24.629,10.31,Passenger,18.89,3.1,175.0,107.5,72.5,200.9,3.33,16.6,25.0,5/24/2011,69.9913956
Chevrolet,Monte Carlo,42.593,11.525,Passenger,19.39,3.4,180.0,110.5,72.7,197.9,3.34,17.0,27.0,12/22/2011,72.03091719
Chevrolet,Camaro,26.402,13.025,Passenger,24.34,3.8,200.0,101.1,74.1,193.2,3.5,16.8,25.0,10/23/2011,81.11854333
Chevrolet,Corvette,17.947,36.225,Passenger,45.705,5.7,345.0,104.5,73.6,179.7,3.21,19.1,22.0,5/12/2012,141.14115
Chevrolet,Prizm,32.299,9.125,Passenger,13.96,1.8,120.0,97.1,66.7,174.3,2.398,13.2,33.0,9/11/2011,48.2976361
Chevrolet,Metro,21.855,5.16,Passenger,9.235,1.0,55.0,93.1,62.6,149.4,1.895,10.3,45.0,4/13/2012,23.27627233
Chevrolet,Impala,107.995,,Passenger,18.89,3.4,180.0,110.5,73.0,200.0,3.389,17.0,27.0,6/18/2011,71.83803944
Chrysler,Sebring Coupe,7.854,12.36,Passenger,19.84,2.5,163.0,103.7,69.7,190.9,2.967,15.9,24.0,1/16/2012,65.95718396
Chrysler,Sebring Conv.,32.775,14.18,Passenger,24.495,2.5,168.0,106.0,69.2,193.0,3.332,16.0,24.0,11/17/2011,69.52135505
Chrysler,Concorde,31.148,13.725,Passenger,22.245,2.7,200.0,113.0,74.4,209.1,3.452,17.0,26.0,6/6/2012,80.02378204
Chrysler,Cirrus,32.306,12.64,Passenger,16.48,2.0,132.0,108.0,71.0,186.0,2.911,16.0,27.0,10/6/2011,53.56619987
Chrysler,LHS,13.462,17.325,Passenger,28.34,3.5,253.0,113.0,74.4,207.7,3.564,17.0,23.0,5/8/2012,101.3292807
Chrysler,Town & Country,53.48,19.54,Car,,,,,,,,,,7/13/2011,
Chrysler,300M,30.696,,Passenger,29.185,3.5,253.0,113.0,74.4,197.8,3.567,17.0,23.0,2/10/2012,101.6552441
Dodge,Neon,76.034,7.75,Passenger,12.64,2.0,132.0,105.0,74.4,174.4,2.567,12.5,29.0,12/12/2011,52.08489875
Dodge,Avenger,4.734,12.545,Passenger,19.045,2.5,163.0,103.7,69.1,190.2,2.879,15.9,24.0,7/1/2012,65.65050834
Dodge,Stratus,71.186,10.185,Passenger,20.23,2.5,168.0,108.0,71.0,186.0,3.058,16.0,24.0,10/31/2011,67.87610784
Dodge,Intrepid,88.028,12.275,Passenger,22.505,2.7,202.0,113.0,74.7,203.7,3.489,17.0,,6/2/2012,80.83147017
Dodge,Viper,0.916,58.47,Passenger,69.725,8.0,450.0,96.2,75.7,176.7,3.375,19.0,16.0,8/7/2011,188.144323
Dodge,Ram Pickup,227.061,15.06,Car,19.46,5.2,230.0,138.7,79.3,224.2,4.47,26.0,17.0,3/6/2012,90.21170005
Dodge,Ram Wagon,16.767,15.51,Car,21.315,3.9,175.0,109.6,78.8,192.6,4.245,32.0,15.0,1/6/2012,71.13529161
Dodge,Ram Van,31.038,13.425,Car,18.575,3.9,175.0,127.2,78.8,208.5,4.298,32.0,16.0,7/26/2012,70.07832154
Dodge,Dakota,111.313,11.26,Car,16.98,2.5,120.0,131.0,71.5,215.0,3.557,22.0,19.0,11/25/2011,49.64500177
Dodge,Durango,101.323,,Car,26.31,5.2,230.0,115.7,71.7,193.5,4.394,25.0,17.0,6/27/2012,92.85412522
Dodge,Caravan,181.749,12.025,Car,19.565,2.4,150.0,113.3,76.8,186.3,3.533,20.0,24.0,9/1/2011,61.22700031
Ford,Escort,70.227,7.425,Passenger,12.07,2.0,110.0,98.4,67.0,174.7,2.468,12.7,30.0,3/31/2012,44.08370946
Ford,Mustang,113.369,12.76,Passenger,21.56,3.8,190.0,101.3,73.1,183.2,3.203,15.7,24.0,1/31/2012,76.50918456
Ford,Contour,35.068,8.835,Passenger,17.035,2.5,170.0,106.5,69.1,184.6,2.769,15.0,25.0,8/20/2012,67.35101072
Ford,Taurus,245.815,10.055,Passenger,17.885,3.0,155.0,108.5,73.0,197.6,3.368,16.0,24.0,12/20/2011,62.5037395
Ford,Focus,175.67,,Passenger,12.315,2.0,107.0,103.0,66.9,174.8,2.564,13.2,30.0,7/22/2012,43.11713201
Ford,Crown Victoria,63.403,14.21,Passenger,22.195,4.6,200.0,114.7,78.2,212.0,3.908,19.0,21.0,9/26/2011,80.49953671
Ford,Explorer,276.747,16.64,Car,31.93,4.0,210.0,111.6,70.2,190.7,3.876,21.0,19.0,4/25/2012,87.63549578
Ford,Windstar,155.787,13.175,Car,21.41,3.0,150.0,120.7,76.6,200.9,3.761,26.0,21.0,2/25/2012,62.09504839
Ford,Expedition,125.338,23.575,Car,36.135,4.6,240.0,119.0,78.7,204.6,4.808,26.0,16.0,9/14/2012,100.0248023
Ford,Ranger,220.65,7.85,Car,12.05,2.5,119.0,117.5,69.4,200.7,3.086,20.0,23.0,1/14/2012,47.38953131
Ford,F-Series,540.561,15.075,Car,26.935,4.6,220.0,138.5,79.1,224.5,4.241,25.1,18.0,8/16/2012,89.40193473
Honda,Civic,199.685,9.85,Passenger,12.885,1.6,106.0,103.2,67.1,175.1,2.339,11.9,32.0,10/21/2011,42.87909734
Honda,Accord,230.902,13.21,Passenger,15.35,2.3,135.0,106.9,70.3,188.8,2.932,17.1,27.0,5/20/2012,54.26954829
Honda,CR-V,73.203,17.71,Car,20.55,2.0,146.0,103.2,68.9,177.6,3.219,15.3,24.0,3/21/2012,60.08796662
Honda,Passport,12.855,17.525,Car,26.6,3.2,205.0,106.4,70.4,178.2,3.857,21.1,19.0,10/9/2012,83.6025008
Honda,Odyssey,76.029,19.49,Car,26.0,3.5,210.0,118.1,75.6,201.2,4.288,20.0,23.0,2/8/2012,85.21769134
Hyundai,Accent,41.184,5.86,Passenger,9.699,1.5,92.0,96.1,65.7,166.7,2.24,11.9,31.0,9/10/2012,36.67228358
Hyundai,Elantra,66.692,7.825,Passenger,11.799,2.0,140.0,100.4,66.9,174.0,2.626,14.5,27.0,11/15/2011,54.59004516
Hyundai,Sonata,29.45,8.91,Passenger,14.999,2.4,148.0,106.3,71.6,185.4,3.072,17.2,25.0,6/14/2012,58.758249
Infiniti,I30,23.713,19.69,Passenger,29.465,3.0,227.0,108.3,70.2,193.7,3.342,18.5,25.0,4/15/2012,92.43688923
Jaguar,S-Type,15.467,,Passenger,42.8,3.0,240.0,114.5,71.6,191.3,3.65,18.4,21.0,11/3/2012,102.1789848
Jeep,Wrangler,55.557,13.475,Car,14.46,2.5,120.0,93.4,66.7,152.0,3.045,19.0,17.0,3/4/2012,48.67289791
Jeep,Cherokee,80.556,13.775,Car,21.62,4.0,190.0,101.4,69.4,167.5,3.194,20.0,20.0,10/5/2012,76.58443962
Jeep,Grand Cherokee,157.04,18.81,Car,26.895,4.0,195.0,105.9,72.3,181.5,3.88,20.5,19.0,12/10/2011,80.38777912
Lexus,ES300,24.072,26.975,Passenger,31.505,3.0,210.0,105.1,70.5,190.2,3.373,18.5,23.0,7/9/2012,87.21100104
Lexus,GS300,12.698,32.075,Passenger,37.805,3.0,225.0,110.2,70.9,189.2,3.638,19.8,23.0,5/10/2012,94.9466984
Lexus,GS400,3.334,,Passenger,46.305,4.0,300.0,110.2,70.9,189.2,3.693,19.8,21.0,11/28/2012,125.0133574
Lexus,LS400,6.375,40.375,Passenger,54.005,4.0,290.0,112.2,72.0,196.7,3.89,22.5,22.0,3/29/2012,124.4467163
Lexus,LX470,9.126,,Car,60.105,4.7,230.0,112.2,76.4,192.5,5.401,25.4,15.0,10/30/2012,105.760458
Lexus,RX300,51.238,,Car,34.605,3.0,220.0,103.0,71.5,180.1,3.9,17.2,21.0,1/4/2012,91.94380156
Lincoln,Continental,13.798,20.525,Passenger,39.08,4.6,275.0,109.0,73.6,208.5,3.868,20.0,22.0,8/3/2012,113.5402069
Lincoln,Town car,48.911,21.725,Passenger,43.33,4.6,215.0,117.7,78.2,215.3,4.121,19.0,21.0,6/4/2012,93.9579169
Lincoln,Navigator,22.925,,Car,42.66,5.4,300.0,119.0,79.9,204.8,5.393,30.0,15.0,12/23/2012,123.9720467
Mitsubishi,Mirage,26.232,8.325,Passenger,13.987,1.8,113.0,98.4,66.5,173.6,2.25,13.2,30.0,4/23/2012,45.83218056
Mitsubishi,Eclipse,42.541,10.395,Passenger,19.047,2.4,154.0,100.8,68.9,175.4,2.91,15.9,24.0,11/24/2012,62.44196235
Mitsubishi,Galant,55.616,10.595,Passenger,17.357,2.4,145.0,103.7,68.5,187.8,2.945,16.3,25.0,1/29/2012,58.60677292
Mitsubishi,Diamante,5.711,16.575,Passenger,24.997,3.5,210.0,107.1,70.3,194.1,3.443,19.0,22.0,8/28/2012,84.83077858
Mitsubishi,3000GT,0.11,20.94,Passenger,25.45,3.0,161.0,97.2,72.4,180.3,3.131,19.8,21.0,6/29/2012,67.54415494
Mitsubishi,Montero,11.337,19.125,Car,31.807,3.5,200.0,107.3,69.9,186.6,4.52,24.3,18.0,1/17/2012,83.92081504
Mitsubishi,Montero Sport,39.348,13.88,Car,22.527,3.0,173.0,107.3,66.7,178.3,3.51,19.5,20.0,5/18/2012,70.66094179
Mercury,Mystique,14.351,8.8,Passenger,16.24,2.0,125.0,106.5,69.1,184.8,2.769,15.0,28.0,12/19/2012,50.99774761
Mercury,Cougar,26.529,13.89,Passenger,16.54,2.0,125.0,106.4,69.6,185.0,2.892,16.0,30.0,2/23/2012,51.11347426
Mercury,Sable,67.956,11.03,Passenger,19.035,3.0,153.0,108.5,73.0,199.7,3.379,16.0,24.0,9/22/2012,62.23996663
Mercury,Grand Marquis,81.174,14.875,Passenger,22.605,4.6,200.0,114.7,78.2,212.0,3.958,19.0,21.0,7/24/2012,80.65769646
Mercury,Mountaineer,27.609,20.43,Car,27.56,4.0,210.0,111.6,70.2,190.1,3.876,21.0,18.0,2/13/2008,85.94974425
Mercury,Villager,20.38,14.795,Car,22.51,3.3,170.0,112.2,74.9,194.7,3.944,20.0,21.0,10/20/2009,69.671461
Mercedes-B,C-Class,18.392,26.05,Passenger,31.75,2.3,185.0,105.9,67.7,177.4,3.25,16.4,26.0,4/24/2011,78.28073088
Mercedes-B,E-Class,27.602,41.45,Passenger,49.9,3.2,221.0,111.5,70.8,189.4,3.823,21.1,25.0,7/12/2011,98.2497375
Mercedes-B,S-Class,16.774,50.375,Passenger,69.7,4.3,275.0,121.5,73.1,203.1,4.133,23.2,21.0,6/13/2011,125.2738757
Mercedes-B,SL-Class,3.311,58.6,Passenger,82.6,5.0,302.0,99.0,71.3,177.1,4.125,21.1,20.0,3/17/2011,139.9822936
Mercedes-B,SLK,7.998,,Passenger,38.9,2.3,190.0,94.5,67.5,157.9,3.055,15.9,26.0,1/16/2011,82.80736193
Mercedes-B,SLK230,1.526,,Passenger,41.0,2.3,185.0,94.5,67.5,157.3,2.975,14.0,27.0,8/6/2011,81.84896924
Mercedes-B,CLK Coupe,11.592,,Passenger,41.6,3.2,215.0,105.9,67.8,180.3,3.213,16.4,26.0,7/8/2011,92.92579177
Mercedes-B,CL500,0.954,,Passenger,85.5,5.0,302.0,113.6,73.1,196.6,4.115,23.2,20.0,4/11/2011,141.1009845
Mercedes-B,M-Class,28.976,,Car,35.3,3.2,215.0,111.0,72.2,180.6,4.387,19.0,20.0,2/10/2011,90.49553213
Nissan,Sentra,42.643,8.45,Passenger,13.499,1.8,126.0,99.8,67.3,177.5,2.593,13.2,30.0,8/31/2011,50.24197791
Nissan,Altima,88.094,11.295,Passenger,20.39,2.4,155.0,103.1,69.1,183.5,3.012,15.9,25.0,8/2/2011,63.31372783
Nissan,Maxima,79.853,15.125,Passenger,26.249,3.0,222.0,108.3,70.3,190.5,3.294,18.5,25.0,5/6/2011,89.42782031
Nissan,Quest,27.308,15.38,Car,26.399,3.3,170.0,112.2,74.9,194.8,3.991,20.0,21.0,3/7/2011,71.17166413
Nissan,Pathfinder,42.574,17.81,Car,29.299,3.3,170.0,106.3,71.7,182.6,3.947,21.0,19.0,9/25/2011,72.29035508
Nissan,Xterra,54.158,,Car,22.799,3.3,170.0,104.3,70.4,178.0,3.821,19.4,18.0,1/24/2011,69.78294434
Nissan,Frontier,65.005,,Car,17.89,3.3,170.0,116.1,66.5,196.1,3.217,19.4,18.0,8/27/2011,67.88927059
Oldsmobile,Cutlass,1.112,11.24,Passenger,18.145,3.1,150.0,107.0,69.4,192.0,3.102,15.2,25.0,5/31/2011,60.86161155
Oldsmobile,Intrigue,38.554,,Passenger,24.15,3.5,215.0,109.0,73.6,195.9,3.455,18.0,,4/1/2011,86.27252291
Oldsmobile,Alero,80.255,,Passenger,18.27,2.4,150.0,107.0,70.1,186.7,2.958,15.0,27.0,10/20/2009,60.72744693
Oldsmobile,Aurora,14.69,19.89,Passenger,36.229,4.0,250.0,113.8,74.4,205.4,3.967,18.5,22.0,2/18/2011,103.4416926
Oldsmobile,Bravada,20.017,19.925,Car,31.598,4.3,190.0,107.0,67.8,181.2,4.068,17.5,19.0,9/21/2011,80.51167259
Oldsmobile,Silhouette,24.361,15.24,Car,25.345,3.4,185.0,120.0,72.2,201.4,3.948,25.0,22.0,6/25/2011,76.09657042
Plymouth,Neon,32.734,7.75,Passenger,12.64,2.0,132.0,105.0,74.4,174.4,2.559,12.5,29.0,4/26/2011,52.08489875
Plymouth,Breeze,5.24,9.8,Passenger,16.08,2.0,132.0,108.0,71.0,186.3,2.942,16.0,27.0,11/14/2011,53.41189767
Plymouth,Voyager,24.155,12.025,Car,18.85,2.4,150.0,113.3,76.8,186.3,3.528,20.0,24.0,4/24/2011,60.95118512
Plymouth,Prowler,1.872,,Passenger,43.0,3.5,253.0,113.3,76.3,165.4,2.85,12.0,21.0,6/27/2012,106.9844563
Pontiac,Sunfire,51.645,13.79,Passenger,21.61,2.4,150.0,104.1,68.4,181.9,2.906,15.0,27.0,1/25/2012,62.0158703
Pontiac,Grand Am,131.097,10.29,Passenger,19.72,3.4,175.0,107.0,70.4,186.3,3.091,15.2,25.0,11/26/2012,70.38973726
Pontiac,Firebird,19.911,17.805,Passenger,25.31,3.8,200.0,101.1,74.5,193.4,3.492,16.8,25.0,6/16/2012,81.49272616
Pontiac,Grand Prix,92.364,14.01,Passenger,21.665,3.8,195.0,110.5,72.7,196.5,3.396,18.0,25.0,10/15/2012,78.31816813
Pontiac,Bonneville,35.945,13.225,Passenger,23.755,3.8,205.0,112.2,72.6,202.5,3.59,17.5,24.0,5/18/2011,82.6613556
Pontiac,Montana,39.572,,Car,25.635,3.4,185.0,120.0,72.7,201.3,3.942,25.0,23.0,7/22/2012,76.20843952
Porsche,Boxter,8.982,41.25,Passenger,41.43,2.7,217.0,95.2,70.1,171.0,2.778,17.0,22.0,2/19/2012,93.4373307
Porsche,Carrera Coupe,1.28,60.625,Passenger,71.02,3.4,300.0,92.6,69.5,174.5,3.032,17.0,21.0,12/21/2012,134.3909754
Porsche,Carrera Cabrio,1.866,67.55,Passenger,74.97,3.4,300.0,92.6,69.5,174.5,3.075,17.0,23.0,7/11/2011,135.9147096
Saab,5-Sep,9.191,,Passenger,33.12,2.3,170.0,106.4,70.6,189.2,3.28,18.5,23.0,11/9/2012,73.50377819
Saab,3-Sep,12.115,,Passenger,26.1,2.0,185.0,102.6,67.4,182.2,2.99,16.9,23.0,6/12/2011,76.02304771
Saturn,SL,80.62,9.2,Passenger,10.685,1.9,100.0,102.4,66.4,176.9,2.332,12.1,33.0,8/16/2012,39.98642475
Saturn,SC,24.546,10.59,Passenger,12.535,1.9,100.0,102.4,66.4,180.0,2.367,12.1,33.0,3/16/2011,40.70007242
Saturn,SW,5.223,10.79,Passenger,14.29,1.9,124.0,102.4,66.4,176.9,2.452,12.1,31.0,1/15/2011,49.86577367
Saturn,LW,8.472,,Passenger,18.835,2.2,137.0,106.5,69.0,190.4,3.075,13.1,27.0,8/5/2011,56.29524304
Saturn,LS,49.989,,Passenger,15.01,2.2,137.0,106.5,69.0,190.4,2.91,13.1,28.0,12/4/2012,54.81972825
Subaru,Outback,47.107,,Passenger,22.695,2.5,165.0,103.5,67.5,185.8,3.415,16.9,25.0,7/7/2011,67.7659076
Subaru,Forester,33.028,,Car,20.095,2.5,165.0,99.4,68.3,175.2,3.125,15.9,24.0,9/10/2012,66.76294331
Toyota,Corolla,142.535,10.025,Passenger,13.108,1.8,120.0,97.0,66.7,174.0,2.42,13.2,33.0,4/11/2011,47.96897242
Toyota,Camry,247.994,13.245,Passenger,17.518,2.2,133.0,105.2,70.1,188.5,2.998,18.5,27.0,2/10/2011,54.37241965
Toyota,Avalon,63.849,18.14,Passenger,25.545,3.0,210.0,107.1,71.7,191.9,3.417,18.5,26.0,8/31/2011,84.91189826
Toyota,Celica,33.269,15.445,Passenger,16.875,1.8,140.0,102.4,68.3,170.5,2.425,14.5,31.0,12/29/2012,56.49603034
Toyota,Tacoma,84.087,9.575,Car,11.528,2.4,142.0,103.3,66.5,178.7,2.58,15.1,23.0,8/1/2011,55.29711658
Toyota,Sienna,65.119,,Car,22.368,3.0,194.0,114.2,73.4,193.5,3.759,20.9,22.0,10/5/2012,78.02721947
Toyota,RAV4,25.106,13.325,Car,16.888,2.0,127.0,94.9,66.7,163.8,2.668,15.3,27.0,5/6/2011,51.95510887
Toyota,4Runner,68.411,19.425,Car,22.288,2.7,150.0,105.3,66.5,183.3,3.44,18.5,23.0,3/7/2011,62.35557713
Toyota,Land Cruiser,9.835,34.08,Car,51.728,4.7,230.0,112.2,76.4,192.5,5.115,25.4,15.0,9/25/2011,102.5289842
Volkswagen,Golf,9.761,11.425,Passenger,14.9,2.0,115.0,98.9,68.3,163.3,2.767,14.5,26.0,1/24/2011,46.94387676
Volkswagen,Jetta,83.721,13.24,Passenger,16.7,2.0,115.0,98.9,68.3,172.3,2.853,14.5,26.0,8/27/2011,47.63823666
Volkswagen,Passat,51.102,16.725,Passenger,21.2,1.8,150.0,106.4,68.5,184.1,3.043,16.4,27.0,10/30/2012,61.70138136
Volkswagen,Cabrio,9.569,16.575,Passenger,19.99,2.0,115.0,97.4,66.7,160.4,3.079,13.7,26.0,5/31/2011,48.90737225
Volkswagen,GTI,5.596,13.76,Passenger,17.5,2.0,115.0,98.9,68.3,163.3,2.762,14.6,26.0,4/1/2011,47.94684106
Volkswagen,Beetle,49.463,,Passenger,15.9,2.0,115.0,98.9,67.9,161.1,2.769,14.5,26.0,10/20/2011,47.32963226
Volvo,S40,16.957,,Passenger,23.4,1.9,160.0,100.5,67.6,176.6,2.998,15.8,25.0,2/18/2011,66.1130568
Volvo,V40,3.545,,Passenger,24.4,1.9,160.0,100.5,67.6,176.6,3.042,15.8,25.0,9/21/2011,66.4988123
Volvo,S70,15.245,,Passenger,27.5,2.4,168.0,104.9,69.3,185.9,3.208,17.9,25.0,11/24/2012,70.65449545
Volvo,V70,17.531,,Passenger,28.8,2.4,168.0,104.9,69.3,186.2,3.259,17.9,25.0,6/25/2011,71.1559776
Volvo,C70,3.493,,Passenger,45.5,2.3,236.0,104.9,71.5,185.7,3.601,18.5,23.0,4/26/2011,101.6233572
Volvo,S80,18.969,,Passenger,36.0,2.9,201.0,109.9,72.1,189.8,3.6,21.1,24.0,11/14/2011,85.73565451
Acura,Integra,16.919,1610.625194461809,Passenger,953.4674960579014,-418.9830363281611,-351.0370656665829,666.1196197987796,-324.72838549015603,0.9393375115592892,-608.8506391837492,-500.4198546554478,1366.2077782375045,2/2/2012,-998.7859464157052
Acura,TL,39.384,-872.4604018911893,Passenger,1184.843188069114,-170.1565041784037,715.1242363387191,123.84722172910756,-1115.175440456895,249.7833133672088,328.39830521273325,-1092.5507847474223,-995.0463917741168,6/3/2011,472.880822120602
Acura,CL,14.114,127.68182806980856,Passenger,68.15584207932156,-236.2905567331004,67.29946091066125,876.1820629175537,471.11684961135336,569.7630372635916,-1401.509903609588,1130.8386548884228,959.5006548067312,1/4/2012,-815.3692635429597
Acura,RL,8.588,219.6602678331517,Passenger,1808.0249325093837,-366.4936697763653,-849.1983074724949,-1012.290190257806,-786.2736208514751,-1263.4906400172931,-1770.9318416855083,264.39374318315055,812.0103226384456,3/10/2011,-341.4558834343533
Audi,A4,20.397,571.4692787769512,Passenger,275.04271051503383,-888.1858998762821,1219.1467166613163,-1500.2679360638151,-1115.720608315196,-425.2389300367311,-446.35592986584527,304.168321778949,483.22438332704616,10/8/2011,1522.9446914656846
Audi,A6,18.78,457.33230025138937,Passenger,1400.5438310689444,-448.2984853923906,400.5079589236992,723.3300980608976,1267.0638305876782,350.1014622488641,-1196.7501674670634,-853.662994896881,-1028.3193275994283,8/9/2011,-589.5643698724166
Audi,A8,1.38,-1440.251344293972,Passenger,-1321.7263895141748,1873.939148504496,877.8795386479793,-286.3035674767361,346.6158026611998,-590.8831992023167,391.0942905487974,437.0335108759393,-963.3691739057252,2/27/2012,441.6380084118098
BMW,323i,19.747,366.79858120932585,Passenger,341.7162578217237,210.80622947200095,1259.4540940927911,-244.36115412483983,-187.436973327722,-697.9653431538644,-2684.099054781973,103.42205044160161,1454.238684088509,6/28/2011,-967.9297714865874
BMW,328i,9.231,-798.1829704563969,Passenger,-31.672512298719266,-1583.674913880599,-98.2342687122282,1469.2280276007343,-1339.1032468327528,1304.6190210751668,-1522.898985486938,853.299485456388,-1194.8895404290677,1/29/2012,330.23646272703826
BMW,528i,17.527,20.236003827668068,Passenger,-199.5480550792179,-386.4478623567426,-509.13217770438513,-314.7299928358546,-145.81436998345217,-518.5513588452693,-2341.096156094169,593.885427317334,-837.1409850020566,4/4/2011,664.8001608504153
Buick,Century,91.561,-1224.2877944867462,Passenger,-500.8777938754526,-906.4410224026042,363.51852275312206,1007.8136322631242,-1302.0576600796903,368.545986977886,891.2414697183431,1008.2628147504352,384.73030621468376,11/2/2011,390.1555065387532
Buick,Regal,39.35,-60.46238024817592,Passenger,-1619.5904154212844,78.23352828166213,-449.9743348191457,-182.9552978418564,-995.8410468192376,750.2042641204476,1553.6267520190218,2408.527949834622,1310.859741654705,9/3/2011,317.49224759253553
Buick,Park Avenue,27.851,363.203107724537,Passenger,-211.47488067807944,-399.920832259705,-1258.8735816612607,356.5785185451594,415.8333446182297,-991.1462190410232,35.782240709354205,529.6637791308658,1466.8416071034403,3/23/2012,202.72840645859287
Buick,LeSabre,83.257,845.8629267382198,Passenger,500.2942325159348,340.1692690878966,-960.8569917468355,-529.431181452952,-222.5758515593148,38.11561605546164,974.2193274371372,309.3926535789854,-965.288603261038,7/23/2011,752.7958119016757
Cadillac,DeVille,63.729,328.7488289260559,Passenger,-603.5808308471629,-2546.6691702157063,540.9778390743285,419.887457973338,-322.7752615510992,381.89344783148834,600.2165888075915,-34.57707081459633,-1438.7051711469355,2/23/2012,21.939611687081648
Cadillac,Seville,15.943,-544.0763394441108,Passenger,1429.0863836619428,911.380778770307,1245.1676472496692,-448.13992348247103,97.33755131525132,-271.6594360376708,542.5311691054324,146.5418653684034,-2807.841315545802,4/29/2011,713.940887806748
Cadillac,Eldorado,6.536,482.1711154522347,Passenger,1746.6149840368664,479.2121137351353,-1372.4043737557784,1136.5331623847503,1387.4875020798263,194.08868565545757,751.5127619439274,-164.67274440680646,-2412.52329078152,11/27/2011,-376.5032983170741
Cadillac,Catera,11.185,-4.043966064135518,Passenger,-683.1538775612039,-1714.4300711396393,791.9446624067625,-841.7230662565205,-1876.2367228346145,-101.52789413315638,666.1857855752451,-1749.6054145836672,6.200117796749888,9/28/2011,1499.1461851042736
Cadillac,Escalade,14.785,1092.7481805208515,Car,-1405.5669728555422,678.6030063744614,-203.88773955481068,797.5714402927839,-234.9572390691229,725.7846767085763,-943.4424819727602,662.0166341172554,-60.07607533815618,4/17/2012,477.8421822331903
Chevrolet,Cavalier,145.519,-165.1659272431488,Passenger,585.2170142694193,-393.00468121809706,-1564.3385285189245,2437.590769521593,-101.78988529572268,-57.77648914395936,653.5969054114644,468.04897738991735,211.1730379939896,8/17/2011,1191.2134174868795
Chevrolet,Malibu,135.126,-801.990713030982,Passenger,138.11045495914553,-995.0684618901364,-687.9054452117244,-749.5768290693876,1539.5551789138906,-221.9236879757952,-186.9629208775449,955.2361585557516,235.58121908869975,3/19/2012,607.7182375220253
Chevrolet,Lumina,24.629,-49.82080713119422,Passenger,-859.6327099885048,883.1088481578304,484.9952092858011,-427.764194556834,-52.42468437133429,1477.151871871426,640.8856288372657,-465.01728583566995,7.051821735657885,5/24/2011,-583.5423055741796
Chevrolet,Monte Carlo,42.593,-820.0586100740952,Passenger,-508.5131896582443,-988.2731926319366,-1998.3294778680493,-1687.0357345057355,-1175.743846049682,-1754.4301476606972,-1868.4019432282275,-945.6739311527366,223.86420330253128,12/22/2011,-861.816857667547
Chevrolet,Camaro,26.402,-1467.6818407162434,Passenger,-674.3110247818987,1502.5552672609142,186.491514686184,-759.4390529580548,824.1779379438308,-190.6611490556099,339.587869224869,-272.1661744149216,1463.5599179395074,10/23/2011,-338.0639104382489
Chevrolet,Corvette,17.947,-695.0558492226095,Passenger,1229.8186215467258,582.0576376274238,-368.0774557227094,-667.7119945704899,-566.7630303444098,-1927.7413461161516,-1166.3523724837628,-840.5850269694461,829.4235288445368,5/12/2012,-521.6304428355228
Chevrolet,Prizm,32.299,1492.7151335407534,Passenger,734.5219752180562,-146.992143800364,-996.4256826447736,-296.4156947074296,1168.2605093418206,1717.7778513193666,664.8411344467856,773.047720072603,427.4469219001936,9/11/2011,-178.5433132887693
Chevrolet,Metro,21.855,-2669.583973943068,Passenger,-871.3907117447261,1042.8691525311203,-1498.4032526563394,42.672884626533566,130.49779258238854,2001.5288576961973,102.71773452809563,-91.28092220221916,394.1325179079012,4/13/2012,-1203.4288011408348
Chevrolet,Impala,107.995,742.0041122863641,Passenger,895.866795843536,517.880876565477,1725.491003563072,-2102.095300637281,1719.947046714159,-168.35581380876428,-621.368811221577,129.73638448876227,1540.2535125674758,6/18/2011,-285.02729688363763
Chrysler,Sebring Coupe,7.854,126.68442692543982,Passenger,307.48588618711625,-255.33440672526365,-402.2387788065933,982.6293493470891,-1279.7458485556413,157.77659939763453,-1126.1992151283682,918.6716540648631,-1108.2180892216902,1/16/2012,963.749748744397
Chrysler,Sebring Conv.,32.775,-393.7437814526471,Passenger,491.03440674953015,1952.6000274297653,-657.4148696955377,334.91730309015,-1381.9654091249363,427.9478585419032,1691.4312535850056,1609.424717246853,95.19989115430988,11/17/2011,384.2725816343757
Chrysler,Concorde,31.148,-695.9756692743393,Passenger,-158.43926383014065,-412.31695841461976,-912.8219727274308,1712.3625294704698,-1674.1743419649831,-527.0243938597646,-51.98790065101931,-1173.3109681891726,965.8983195871364,6/6/2012,59.816506499856274
Chrysler,Cirrus,32.306,-1033.68836175377,Passenger,1404.7251966873628,-1711.736553834622,-260.77599606622454,844.1049461576598,-528.8250995589325,797.284917214673,-1594.824499824439,1110.9709372761192,-584.0127924429516,10/6/2011,-105.27792499185524
Chrysler,LHS,13.462,-125.7593987531288,Passenger,-2431.6225078102666,-1358.993278735485,-197.65983387166716,22.83588960776219,490.4382934865664,-879.2173812679529,164.9584142855855,760.3243005311836,1514.914129554744,5/8/2012,-1417.125710351835
Chrysler,Town & Country,53.48,635.4990010848842,Car,-1289.7038192442394,468.4626438395277,-166.92305170051142,-174.91228851569622,-833.3470991908194,485.7761550023786,392.7973640063116,1124.4164199605227,271.3984121940568,7/13/2011,-1684.2476343713636
Chrysler,300M,30.696,95.7649762494839,Passenger,764.6326022875616,771.475351499737,-810.1233518725013,1432.7847725491,402.73040155563314,-563.9979727308165,-911.4493295343464,-798.6333742035778,-1285.383892724449,2/10/2012,1308.8106585189596
Dodge,Neon,76.034,-447.4092174627164,Passenger,-874.59936627574,128.53100103623598,-2036.2105329251708,-966.7051434777457,-1327.6274689999605,-890.6722234204886,-274.6753726598976,782.1588403274465,728.4800387279688,12/12/2011,-77.23334055486666
Dodge,Avenger,4.734,-407.7873003868514,Passenger,1584.9983279927444,759.176949313284,-507.4741734131389,-384.3431044289089,181.50606099835449,-658.1087212049626,361.2672917397419,-696.0889803007125,-931.5395028102844,7/1/2012,748.8519039053056
Dodge,Stratus,71.186,1383.1221996063657,Passenger,49.08305134007823,510.47646696592864,785.3045141224678,386.7653493081373,-655.7708882049318,7.372342054619658,-444.8128415427152,1484.8486320083325,-757.6577386492677,10/31/2011,-1022.6520297118052
Dodge,Intrepid,88.028,789.531737026267,Passenger,35.75914234998893,552.7651402406333,-2151.701511796629,-1765.4376937119794,-505.8442795478842,-2292.98684947228,-1674.8259553723558,1241.6347225711636,-653.5290887884162,6/2/2012,288.9413311755292
Dodge,Viper,0.916,-1181.229652522442,Passenger,228.30608201936292,928.2802817551814,519.7141963033793,357.0619638324237,-1038.0243701117836,-85.23450322245407,1208.59206578904,791.294545433959,608.6416346649074,8/7/2011,905.6610418865469
Dodge,Ram Pickup,227.061,-830.348856789738,Car,-435.4842062767194,1148.7930823765864,-446.86929446997925,-1329.6930212618468,-382.8294445175612,1185.6355842303965,-206.2905533569174,382.99035915206827,-1513.8298379639086,3/6/2012,-193.7084332334381
Dodge,Ram Wagon,16.767,1488.2962217082334,Car,285.7864187300309,919.2388499677412,-1131.0139566343414,862.1341834423658,1444.717378252965,-459.2185920095608,-122.846614873659,-1508.712285245286,1760.5919202520593,1/6/2012,-931.8790215465352
Dodge,Ram Van,31.038,551.781498470559,Car,192.34396867693656,-288.71746062219273,410.2906809026685,405.2596790173272,-945.1580339464844,25.230096498454493,-1554.0130107042448,-40.51113332879525,-1299.014873970391,7/26/2012,28.55446554743968
Dodge,Dakota,111.313,625.2722421136339,Car,634.8422942494309,581.0893438883327,722.2398993347457,-318.69122333487576,-164.68047392268426,666.7884998733389,577.8241276441034,-2292.529384357657,673.049649476475,11/25/2011,-2077.6276016022816
Dodge,Durango,101.323,1733.744741467087,Car,2539.2146381034704,48.71918084219834,1760.4189301340034,596.5195103478256,-212.8871079417938,-1883.987559039756,-50.67102451152605,1809.455115142593,-707.3368008461603,6/27/2012,50.11558672016741
Dodge,Caravan,181.749,224.6553469751471,Car,-294.04189603920963,929.0768134507308,581.4635168033133,-1009.4152862680544,283.6157951604165,664.8471353813217,793.6022126417121,436.45803684423083,1502.7566177225187,9/1/2011,-680.2890325850959
Ford,Escort,70.227,738.1716247646435,Passenger,807.7628855964184,388.4531669688099,1175.9989447980215,683.3798760492476,-1423.297602420205,-599.2467153820293,1487.858068617435,-251.2526898196646,-1262.0882821119903,3/31/2012,1848.9639353308453
Ford,Mustang,113.369,-1063.0098770153113,Passenger,45.14911368907096,-1520.161125349278,-436.1317002613837,-804.7569260541461,123.42034282155896,-1656.6157427279431,-212.98333628920665,1713.421256163604,1603.2769531700835,1/31/2012,211.9792751430249
Ford,Contour,35.068,-1322.6949477504022,Passenger,1944.321476568489,-787.6405056722782,-1336.525094250292,-234.7045550529007,1659.2196189143403,-340.8559845748946,-93.31871387899643,-74.50974552012146,-779.2500096554082,8/20/2012,313.72340601258315
Ford,Taurus,245.815,264.2208299629086,Passenger,119.41599267492624,-802.6828417668976,1215.5966326818125,387.5185431431029,382.7809123257206,-1293.0523661831105,-673.4574375608445,180.1928912484319,1403.682122878609,12/20/2011,310.7836656470861
Ford,Focus,175.67,-943.496764107754,Passenger,-579.1796141578563,-658.9226994642349,-1222.9192506650254,-709.6025944814929,-1506.2243681101925,718.7732096763618,61.23619760189884,1164.0260558706432,913.3689081590312,7/22/2012,1238.550631012596
Ford,Crown Victoria,63.403,-378.8702067247714,Passenger,-467.3180505743866,877.8458844833128,-89.29457545929854,-1316.8895628680116,-653.7150013709966,438.2015039937398,302.94267901587415,-429.45728700362923,467.2245151633237,9/26/2011,-27.98513390204859
Ford,Explorer,276.747,-1611.9096091854476,Car,-446.5282239942782,312.0889590915065,22.77085770973996,343.32923702420675,-202.0663864786776,-665.7718877488775,-1054.6960378843382,1019.5384742262493,-1465.1490548379388,4/25/2012,809.3172713402089
Ford,Windstar,155.787,652.8189986944546,Car,-1615.5752267629248,611.6739187186045,-158.2633432182282,-1223.3779747843762,-1399.8568030415847,-509.1971893875153,2318.1178438638544,1001.7285254232529,120.47034664062706,2/25/2012,-1776.7754493412317
Ford,Expedition,125.338,-13.179624443482572,Car,246.94171823753013,478.1507538397862,-2741.170617073064,-52.93394999301853,347.0054118771752,372.7472440965213,-1231.4887973778436,-636.398725278038,937.30421860126,9/14/2012,15.789234797373954
Ford,Ranger,220.65,481.3914572129044,Car,-495.5375866754001,470.15162662182325,882.7282680167361,693.664636134752,-909.2980688346936,390.1449362079805,2595.2970980345417,-85.42403470153903,-463.4534474760262,1/14/2012,-727.1783608948506
Ford,F-Series,540.561,-1058.1614590784654,Car,423.8736871346225,-1663.1106165660865,-604.0174490763804,-1342.667600854373,-798.4860953418994,-347.8967209212803,-1082.955655255699,1986.0699565907619,-1602.8624612849064,8/16/2012,-188.3877189768804
Honda,Civic,199.685,461.8328779860662,Passenger,1121.777382224111,-517.9769724447609,1124.2023170759185,-285.27158978694337,-2085.795790162322,894.4555879295091,-123.3769857973054,-979.6614550826845,162.43990081944574,10/21/2011,127.7885220919061
Honda,Accord,230.902,-1826.8327888737788,Passenger,354.7814029021093,-1108.0032994290482,128.82961956959207,-1037.885264416332,-655.9134412617583,-587.8560497517877,1128.844991115303,-127.64897875753043,1369.0938213351271,5/20/2012,218.14217404392832
Honda,CR-V,73.203,-749.9285113392484,Car,143.07459349276667,476.4239040538545,1340.8731552596637,14.105393569771396,691.6882607132557,242.62745992567488,10.036958897935111,-1085.0215842145371,-0.0317383259407316,3/21/2012,-389.3440157652444
Honda,Passport,12.855,1994.022736697484,Car,1284.207226333515,-126.1855371639496,280.17857965142633,-240.5501277801637,-159.8031028524454,174.43570293927647,-1553.8179998257287,-2059.2735127240558,-406.4428413936253,10/9/2012,-1609.945751400896
Honda,Odyssey,76.029,-968.8866596723842,Car,861.0249691907712,373.8321946020818,39.41913289635701,-613.2522138651391,-142.53342306879193,-1622.6646318304115,214.585466089984,340.64199068205437,-1871.3094860486367,2/8/2012,1230.1575370638238
Hyundai,Accent,41.184,-648.681356602968,Passenger,-1123.0262559459618,-420.9659682581135,1352.211375422257,177.64048027824265,1550.8456453473248,430.85215891189335,1876.991012713617,-1182.0807816006347,697.3998005171301,9/10/2012,164.81226624666348
Hyundai,Elantra,66.692,569.9923788980515,Passenger,18.077457365329145,404.3288664142576,457.5629147604695,1801.180758815732,-335.2837072664189,489.1706796744799,-156.1198742890752,-900.7501891890092,861.1731724135544,11/15/2011,-1633.2163182688985
Hyundai,Sonata,29.45,961.6906525682238,Passenger,1015.7167572836574,-521.8607195190623,-695.2340491500673,-330.4856971393605,-916.3199595215688,-1653.859446608903,-974.7676402908504,-109.67928192525358,-107.66510644860612,6/14/2012,-1047.4419553533085
Infiniti,I30,23.713,395.4836220947009,Passenger,2146.561731068376,706.1631526064883,-1098.0795256634597,-1712.7191131939264,792.4143881440948,483.2988823183484,-762.9544159105924,546.8361723064271,-167.95226017727109,4/15/2012,-1033.098351711361
Jaguar,S-Type,15.467,2344.722114049808,Passenger,1499.0589835782637,-1906.4117813541936,420.6303333672165,2602.9384624065774,-328.725209441894,-2664.54262020262,1631.3123871523635,112.48701681245653,-329.9930483220396,11/3/2012,2044.7822461806663
Jeep,Wrangler,55.557,-768.1010506614119,Car,578.0447537489488,511.04418156676167,-817.0039738420442,453.1700138398509,-1261.5726415578229,335.1606998941256,-3246.4990949480275,729.7626539589598,-271.9673913548714,3/4/2012,995.3422650730942
Jeep,Cherokee,80.556,-626.054092161084,Car,1198.0116285517302,2328.0810697729603,1620.2340876024582,-1035.847411724278,1465.8211222110835,-1665.9936936457088,1852.5334820409648,-150.6605700020284,-946.4370494570986,10/5/2012,1909.215074081173
Jeep,Grand Cherokee,157.04,525.5156424298115,Car,-784.4289548275369,780.8369266598817,1541.3255367117142,81.42053165712711,-286.4098889231854,921.5663233676412,2455.887819686958,-1171.224495744306,-385.38696955036727,12/10/2011,-540.2684958333525
Lexus,ES300,24.072,368.6793106449928,Passenger,1901.6187798542192,-909.7352585576408,1776.4875031780643,-576.837530681833,936.7855669186312,-796.0888409069948,-184.55464689144296,125.54687709109419,360.7520903131079,7/9/2012,-12.83822752339427
Lexus,GS300,12.698,432.2047501086847,Passenger,320.1218348910407,715.2926845091282,147.7866019798932,-560.9176805432487,-1187.1449930054175,552.985594330663,155.7932973323729,-1177.773846858968,-1476.0972800879506,5/10/2012,1165.063908926143
Lexus,GS400,3.334,2526.697549851552,Passenger,268.026385449983,1708.4037455086104,-507.1646958601857,-1481.923711252859,573.5387317350387,843.3876578476124,131.21833674659734,900.1149073447244,1616.0565410324557,11/28/2012,246.5634287131852
Lexus,LS400,6.375,-101.9174695959503,Passenger,662.9849372060107,-448.4320023368233,-991.6642275793567,-539.0646969846904,1762.271735860437,769.1723942239443,2466.479747252131,-1047.027077040059,1144.4698896928394,3/29/2012,-70.59151612498636
Lexus,LX470,9.126,-203.475128504088,Car,-152.8128433775658,-1097.4594679351983,1983.6248380179577,-246.3882431112916,272.03359803187186,480.00694601185705,776.2644067024264,1104.0190143648113,-659.1275522558985,10/30/2012,1078.2743331418958
Lexus,RX300,51.238,1109.9564974323855,Car,597.1387154214989,175.54163029244506,-1315.2467552525384,-1133.1502636207606,567.4696521717126,1646.859782693793,-486.6783053933487,-353.28482849606,-147.78826209835404,1/4/2012,1301.662237753271
Lincoln,Continental,13.798,747.9511643571029,Passenger,-350.3766136234328,-808.930026547627,-204.45193963346625,-405.8694332307286,297.4392748147747,1091.276168949874,-3366.8641372131437,-722.2746992648289,870.2586056512504,8/3/2012,126.59222645657908
Lincoln,Town car,48.911,761.6839327594232,Passenger,51.109995335623054,-245.3738720766109,-2379.1601800519115,1299.7990995264058,1567.4295720934165,85.67201425888697,-541.7870092186906,-1573.067663696952,927.5501153712552,6/4/2012,905.9350096060416
Lincoln,Navigator,22.925,-320.2041448601667,Car,-169.55467283844357,-466.7922035638401,1455.8819156023735,-174.5560014111875,-992.5331413278856,198.7534621158199,891.0000799396279,-1376.279600954413,-1173.6422432755674,12/23/2012,-542.7756285571317
Mitsubishi,Mirage,26.232,1674.9225574306242,Passenger,-497.4058909775361,-148.51504954793373,293.97063587196254,423.76587560690456,-20.093494700137214,-959.1830409827908,-906.1834672069044,-1290.971382065508,-516.1072856180679,4/23/2012,-143.79661025275058
Mitsubishi,Eclipse,42.541,-595.5113615278922,Passenger,619.6810509996991,2044.6147636007631,1915.6661441890017,1798.9586068313447,-447.0614672147679,1033.6454406009202,1352.9361186946348,689.6178669235877,1419.1314800155858,11/24/2012,350.8958919631987
Mitsubishi,Galant,55.616,-1200.4292541994314,Passenger,1837.2337385676851,1128.3567316982994,-343.9105984196411,-415.2064365350464,701.245997559355,-1234.973099485628,-239.7029281101684,-783.5398847958852,711.9375237652079,1/29/2012,316.2045211531042
Mitsubishi,Diamante,5.711,392.4216746355928,Passenger,-24.22982764701768,-1863.6800823276808,-436.288824205598,-858.3921666445475,393.5292408770211,1641.7106762229384,-570.3835453544566,-378.6222550739124,198.95515676157345,8/28/2012,182.1053988766713
Mitsubishi,3000GT,0.11,1179.3290156204146,Passenger,-1154.4952477151362,290.61054972856374,616.4180821023537,161.87593777327243,-2016.8440444314977,-321.9571264584986,1440.686140459116,-537.8602172609071,-905.3009890211348,6/29/2012,-113.4059963807848
Mitsubishi,Montero,11.337,-644.2524549916022,Car,430.9141004410805,-475.88677649681887,79.47878441075639,-709.9221932387929,-2047.6501830726452,-252.15898960306592,280.07557435538735,1020.8584364129176,1364.5758631834287,1/17/2012,-354.65137795967047
Mitsubishi,Montero Sport,39.348,-598.1887207107272,Car,1924.7294366802344,1022.0607064224008,-844.3138723185352,-314.4122218497837,399.8841717320902,-97.5149806109713,-174.35789245392874,243.60783943968931,-420.10380464199824,5/18/2012,-1406.865835069441
Mercury,Mystique,14.351,612.289506762313,Passenger,548.1868377432457,-1159.0023971884043,-38.91319668038587,1061.1057751636895,551.5291881529087,401.4259455317575,-70.02264482381568,-2121.3249982169227,-530.719910802837,12/19/2012,-496.53058110029855
Mercury,Cougar,26.529,1656.8861316402276,Passenger,956.4000700596292,937.6179729610108,191.61258042592144,-719.2264335421214,801.8485408272735,1350.4025186925987,1273.1880518330609,-341.3985100686657,610.4103945388879,2/23/2012,-310.71911054867326
Mercury,Sable,67.956,-426.2700122532073,Passenger,-18.39902491983222,160.8559600558473,-1027.43357374457,-197.38642905387124,247.6564660730097,-824.3102644703966,-195.61666087934907,-308.4575525128267,452.328930396512,9/22/2012,347.894358602596
Mercury,Grand Marquis,81.174,-185.51017971937105,Passenger,2259.0628326227734,999.4597451156454,346.68565514642773,-804.5325532626914,-272.32312678494816,185.72132532734983,1133.0693479986855,192.92719672952043,-1746.0913820659046,7/24/2012,1340.049882375841
Mercury,Mountaineer,27.609,-1191.8893164492638,Car,832.0927652981386,-1408.3477515462084,-714.3209326343754,789.2962965195433,824.7716494873504,151.675832255838,-698.2473373732838,1199.9086521562244,880.3333441966068,2/13/2008,234.1287167743953
Mercury,Villager,20.38,-487.4090070896346,Car,-602.9925575496854,-306.117390332881,-196.531819571158,-466.30168386448,-610.4740109424753,278.97359976124466,180.101267344545,-514.1160090612589,-180.03537309822858,10/20/2009,340.34451097554035
Mercedes-B,C-Class,18.392,247.0445605907625,Passenger,876.3027016294546,-582.2202705310294,-82.71468456143731,-1158.1705135034829,107.5134103820089,-2853.7468445917198,901.0532526743652,-823.2948823069188,1084.0325155680118,4/24/2011,-1075.7248558218462
Mercedes-B,E-Class,27.602,-322.07748558662126,Passenger,-347.0911333084168,598.6873141933823,35.14536902039167,481.0739846052074,242.9583661298408,688.3049498822319,-93.04290703487897,-407.0908054069454,-204.1134279773935,7/12/2011,17.753782635690236
Mercedes-B,S-Class,16.774,-766.9369178168599,Passenger,-1480.7768557333202,-396.4629840973973,257.3812553429149,-1514.3594159272782,29.773556345157655,689.0297342542897,377.9862757872637,-1114.1993634031032,896.3515220988393,6/13/2011,-463.7744134315944
Mercedes-B,SL-Class,3.311,-979.5036992806778,Passenger,-1069.0381775103754,-414.6506647455016,-1232.005712361923,-1244.5191238830405,1853.565124845458,-2647.908573922151,176.3057607566277,417.44676639022094,-6.4094002551774185,3/17/2011,1271.1657415999816
Mercedes-B,SLK,7.998,-483.04582215458106,Passenger,1083.4913320388218,-1323.7638118614532,36.77109187945315,-647.2053163600295,755.4583379002288,189.54197408065545,632.118510373746,-984.4690235655969,-985.337919436732,1/16/2011,1463.8816958000843
Mercedes-B,SLK230,1.526,-2150.542329830628,Passenger,558.5990437706508,-1041.7420348179355,-1507.6378210326009,-1997.301392919346,-385.94201117807313,200.49927528516733,223.19833411201384,528.2527660067283,323.57498295992855,8/6/2011,245.7550217597604
Mercedes-B,CLK Coupe,11.592,-397.2862714385583,Passenger,2.9781657012216884,-240.4131209812597,-844.1093345478793,-1292.935371543814,547.4940637723192,-1621.42493677015,-1289.898070507489,-1276.5772038547507,-2289.213739063563,7/8/2011,-137.0330561681219
Mercedes-B,CL500,0.954,-781.1280804350826,Passenger,-14.992301097179094,1885.639061836252,272.6312320701805,-756.23240757802,134.15383697770926,-516.6081112330983,125.0938714296344,309.7790016241651,-2170.021217956739,4/11/2011,-2815.00750588784
Acura,Integra,Passenger,21.5,1.8,140.0,101.2,67.3,172.4,2.639,13.2,28.0,2/2/2012,58.28,,28.940364652871747
Acura,Integra,Passenger,21.5,1.8,140.0,101.2,67.3,172.4,2.639,13.2,28.0,2/2/2012,58.28,,28.940364652871747
Acura,Integra,Car,21.5,1.8,140.0,101.2,67.3,172.4,2.639,13.2,28.0,2/2/2012,58.28,,28.940364652871747
